onet_soc_code,rank,soc_code,occupation_title,occupation_description,cosine_similarity,interest_score,skill_score,education_score,job_zone_score,labor_market_score,profile_name,weight_interest,weight_skill,weight_education,weight_job_zone,weight_labor_market,model,why
15-2051.01,1,15-2051,Business Intelligence Analysts,Produce financial and market intelligence by querying data repositories and generating periodic reports. Devise methods for identifying data patterns and trends in available information sources.,0.8950537696379198,0.9677676493764161,0.4272236825773014,1.0,1.0,0.8478367876712958,Data and Technology,0.3,0.3,0.15,0.1,0.15,cosine,"Strongest fit: Interests (Investigative interest, 0.97); Education fit (1.00)."
15-1252.00,2,15-1252,Software Developers,"Research, design, and develop computer and network software or specialized utility programs. Analyze user needs and develop software solutions, applying principles and techniques of computer science, engineering, and mathematical analysis. Update software or enhance existing software capabilities. May work with computer hardware engineers to integrate hardware and software systems, and develop specifications and performance requirements. May maintain databases within an application area, working individually or coordinating database development as part of a team.",0.8950436617833635,0.9508267517885809,0.459391959251038,1.0,1.0,0.9511152279679225,Data and Technology,0.3,0.3,0.15,0.1,0.15,cosine,"Strongest fit: Interests (Investigative interest, 0.95); Education fit (1.00)."
15-1243.01,3,15-1243,Data Warehousing Specialists,"Design, model, or implement corporate data warehousing activities. Program and configure warehouses of database information and provide support to warehouse users.",0.8897988327100471,0.9493776776990556,0.48224056535814785,1.0,1.0,0.7627195032100356,Data and Technology,0.3,0.3,0.15,0.1,0.15,cosine,"Strongest fit: Interests (Conventional interest, 0.95); Education fit (1.00)."
15-2051.02,4,15-2051,Clinical Data Managers,"Apply knowledge of health care and database management to analyze clinical data, and to identify and report trends.",0.8897400555229734,0.9532707621903183,0.4486160078144451,1.0,1.0,0.8478367876712958,Data and Technology,0.3,0.3,0.15,0.1,0.15,cosine,"Strongest fit: Interests (Investigative interest, 0.95); Education fit (1.00)."
13-2099.01,5,13-2099,Financial Quantitative Analysts,"Develop quantitative techniques to inform securities investing, equities investing, pricing, or valuation of financial instruments. Develop mathematical or statistical models for risk management, asset optimization, pricing, or relative value analysis.",0.8894983661961385,0.9836898933719765,0.4608848831907683,0.0,0.0,0.6794942313209111,Data and Technology,0.3,0.3,0.15,0.1,0.15,cosine,"Strongest fit: Interests (Investigative interest, 0.98); Skills (Mathematics, 0.46)."
15-1243.00,6,15-1243,Database Architects,"Design strategies for enterprise databases, data warehouse systems, and multidimensional networks. Set standards for database operations, programming, query processes, and security. Model, design, and construct large relational databases or data warehouses. Create and optimize data models for warehouse infrastructure and workflow. Integrate new systems with existing warehouse structure and refine system performance and functionality.",0.8875905892684681,0.9731805024357021,0.45624297570643657,1.0,1.0,0.7627195032100356,Data and Technology,0.3,0.3,0.15,0.1,0.15,cosine,"Strongest fit: Interests (Investigative interest, 0.97); Education fit (1.00)."
15-1251.00,7,15-1251,Computer Programmers,"Create, modify, and test the code and scripts that allow computer applications to run. Work from specifications drawn up by software and web developers or other individuals. May develop and write computer programs to store, locate, and retrieve specific documents, data, and information.",0.8840620671259654,0.9450175814901981,0.49898101603289385,1.0,1.0,0.7094074773923607,Data and Technology,0.3,0.3,0.15,0.1,0.15,cosine,"Strongest fit: Interests (Investigative interest, 0.95); Education fit (1.00)."
15-1212.00,8,15-1212,Information Security Analysts,"Plan, implement, upgrade, or monitor security measures for the protection of computer networks and information. Assess system vulnerabilities for security risks and propose and implement risk mitigation strategies. May ensure appropriate security controls are in place that will safeguard digital files and vital electronic infrastructure. May respond to computer security breaches and viruses.",0.8833725678860469,0.9537384975150882,0.3821900129753109,1.0,1.0,0.847589703697576,Data and Technology,0.3,0.3,0.15,0.1,0.15,cosine,"Strongest fit: Interests (Investigative interest, 0.95); Education fit (1.00)."
33-3021.06,9,33-3021,Intelligence Analysts,"Gather, analyze, or evaluate information from a variety of sources, such as law enforcement databases, surveillance, intelligence networks or geographic information systems. Use intelligence data to anticipate and prevent organized crime activities, such as terrorism.",0.8820242424542415,0.9939533112194125,0.353528725632389,1.0,1.0,0.7076618043249734,Data and Technology,0.3,0.3,0.15,0.1,0.15,cosine,"Strongest fit: Interests (Investigative interest, 0.99); Education fit (1.00)."
15-2031.00,10,15-2031,Operations Research Analysts,"Formulate and apply mathematical modeling and other optimizing methods to develop and interpret information that assists management with decisionmaking, policy formulation, or other managerial functions. May collect and analyze data and develop decision support software, services, or products. May develop and supply optimal time, cost, or logistics networks for program evaluation, review, or implementation.",0.8810741178596074,0.9898901179965034,0.45495379421226556,0.0,0.0,0.6853901411196592,Data and Technology,0.3,0.3,0.15,0.1,0.15,cosine,"Strongest fit: Interests (Investigative interest, 0.99); Skills (Mathematics, 0.45)."
29-1229.02,1,29-1229,Hospitalists,"Provide inpatient care predominantly in settings such as medical wards, acute care units, intensive care units, rehabilitation centers, or emergency rooms. Manage and coordinate patient care throughout treatment.",0.9144504133759463,0.977050016458834,0.4737072804045514,1.0,1.0,0.8960350641547551,Healthcare,0.3,0.3,0.15,0.1,0.15,cosine,"Strongest fit: Interests (Social interest, 0.98); Education fit (1.00)."
29-1215.00,2,29-1215,Family Medicine Physicians,"Diagnose, treat, and provide preventive care to individuals and families across the lifespan. May refer patients to specialists when needed for further diagnosis or treatment.",0.91146601142894,0.9805187319884263,0.4843703216081981,1.0,1.0,0.7668604878983276,Healthcare,0.3,0.3,0.15,0.1,0.15,cosine,"Strongest fit: Interests (Social interest, 0.98); Education fit (1.00)."
29-1171.00,3,29-1171,Nurse Practitioners,"Diagnose and treat acute, episodic, or chronic illness, independently or as part of a healthcare team. May focus on health promotion and disease prevention. May order, perform, or interpret diagnostic tests such as lab work and x rays. May prescribe medication. Must be registered nurses who have specialized graduate education.",0.9114237309482774,0.9754416939000632,0.473650336712443,1.0,1.0,0.8656035978474306,Healthcare,0.3,0.3,0.15,0.1,0.15,cosine,"Strongest fit: Interests (Social interest, 0.98); Education fit (1.00)."
29-1123.00,4,29-1123,Physical Therapists,"Assess, plan, organize, and participate in rehabilitative programs that improve mobility, relieve pain, increase strength, and improve or correct disabling conditions resulting from disease or injury.",0.9108053663434251,0.9478952431261424,0.460544136624478,1.0,1.0,0.8141446867149369,Healthcare,0.3,0.3,0.15,0.1,0.15,cosine,"Strongest fit: Interests (Social interest, 0.95); Education fit (1.00)."
29-1051.00,5,29-1051,Pharmacists,"Dispense drugs prescribed by physicians and other health practitioners and provide information to patients about medications and their use. May advise physicians and other health practitioners on the selection, dosage, interactions, and side effects of medications.",0.9102183101238858,0.9647429829697697,0.44641192929156237,1.0,1.0,0.8701867606529112,Healthcare,0.3,0.3,0.15,0.1,0.15,cosine,"Strongest fit: Interests (Social interest, 0.96); Education fit (1.00)."
29-1141.04,6,29-1141,Clinical Nurse Specialists,"Direct nursing staff in the provision of patient care in a clinical practice setting, such as a hospital, hospice, clinic, or home. Ensure adherence to established clinical policies, protocols, regulations, and standards.",0.9100778301884251,0.9784062253910011,0.44180898738032515,1.0,1.0,0.9070549277469862,Healthcare,0.3,0.3,0.15,0.1,0.15,cosine,"Strongest fit: Interests (Social interest, 0.98); Education fit (1.00)."
29-1229.01,7,29-1229,Allergists and Immunologists,"Diagnose, treat, and help prevent allergic diseases and disease processes affecting the immune system.",0.9099679759320499,0.9453759630739021,0.47062378068981625,1.0,1.0,0.8960350641547551,Healthcare,0.3,0.3,0.15,0.1,0.15,cosine,"Strongest fit: Interests (Investigative interest, 0.95); Education fit (1.00)."
29-1071.00,8,29-1071,Physician Assistants,"Provide healthcare services typically performed by a physician, under the supervision of a physician. Conduct complete physicals, provide treatment, and counsel patients. May, in some cases, prescribe medication. Must graduate from an accredited educational program for physician assistants.",0.9096481291230372,0.9691558970344014,0.47420719318146376,1.0,1.0,0.8074783855946779,Healthcare,0.3,0.3,0.15,0.1,0.15,cosine,"Strongest fit: Interests (Social interest, 0.97); Education fit (1.00)."
29-1127.00,9,29-1127,Speech-Language Pathologists,"Assess and treat persons with speech, language, voice, and fluency disorders. May select alternative communication systems and teach their use. May perform research related to speech and language problems.",0.9090527221987046,0.9562619298699992,0.46211225096927694,1.0,1.0,0.7648934763300084,Healthcare,0.3,0.3,0.15,0.1,0.15,cosine,"Strongest fit: Interests (Social interest, 0.96); Education fit (1.00)."
29-1141.02,10,29-1141,Advanced Practice Psychiatric Nurses,"Assess, diagnose, and treat individuals and families with mental health or substance use disorders or the potential for such disorders. Apply therapeutic activities, including the prescription of medication, per state regulations, and the administration of psychotherapy.",0.9080306892962712,0.9638477151899614,0.45341386538101813,1.0,1.0,0.9070549277469862,Healthcare,0.3,0.3,0.15,0.1,0.15,cosine,"Strongest fit: Interests (Social interest, 0.96); Education fit (1.00)."
11-3031.03,1,11-3031,Investment Fund Managers,"Plan, direct, or coordinate investment strategy or operations for a large pool of liquid assets supplied by institutional investors or individual investors.",0.8982072163249781,0.9797108264835509,0.3943588098110833,0.0,0.0,0.9520062057625351,Business,0.3,0.3,0.15,0.1,0.15,cosine,"Strongest fit: Interests (Enterprising interest, 0.98); Labor-market opportunity (96% wage percentile)."
11-9199.10,2,11-9199,Wind Energy Development Managers,"Lead or manage the development and evaluation of potential wind energy business opportunities, including environmental studies, permitting, and proposals. May also manage construction of projects.",0.8901255279394797,0.9719031400952605,0.41089014567628057,1.0,1.0,0.9309088868473923,Business,0.3,0.3,0.15,0.1,0.15,cosine,"Strongest fit: Interests (Enterprising interest, 0.97); Education fit (1.00)."
11-1011.03,3,11-1011,Chief Sustainability Officers,"Communicate and coordinate with management, shareholders, customers, and employees to address sustainability issues. Enact or oversee a corporate sustainability strategy.",0.8861738276247851,0.9878242012254316,0.39249390411959106,0.0,0.0,0.8842357159339774,Business,0.3,0.3,0.15,0.1,0.15,cosine,"Strongest fit: Interests (Enterprising interest, 0.99); Labor-market opportunity (97% wage percentile)."
11-9199.02,4,11-9199,Compliance Managers,"Plan, direct, or coordinate activities of an organization to ensure compliance with ethical or regulatory standards.",0.8855720170530745,0.9629038621178201,0.36989945754377235,1.0,1.0,0.9309088868473923,Business,0.3,0.3,0.15,0.1,0.15,cosine,"Strongest fit: Interests (Enterprising interest, 0.96); Education fit (1.00)."
11-2021.00,5,11-2021,Marketing Managers,"Plan, direct, or coordinate marketing policies and programs, such as determining the demand for products and services offered by a firm and its competitors, and identify potential customers. Develop pricing strategies with the goal of maximizing the firm's profits or share of the market while ensuring the firm's customers are satisfied. Oversee product development or monitor trends that indicate the need for new products and services.",0.8854563356571875,0.9703888037170663,0.4229155952818491,0.0,1.0,0.9180198837895014,Business,0.3,0.3,0.15,0.1,0.15,cosine,"Strongest fit: Interests (Enterprising interest, 0.97); Labor-market opportunity (96% wage percentile)."
11-3031.00,6,11-3031,Financial Managers,"Plan, direct, or coordinate accounting, investing, banking, insurance, securities, and other financial activities of a branch, office, or department of an establishment.",0.8846793034882562,0.9674067849652171,0.3967239612087889,1.0,1.0,0.9520062057625351,Business,0.3,0.3,0.15,0.1,0.15,cosine,"Strongest fit: Interests (Enterprising interest, 0.97); Education fit (1.00)."
13-2052.00,7,13-2052,Personal Financial Advisors,"Advise clients on financial plans using knowledge of tax and investment strategies, securities, insurance, pension plans, and real estate. Duties include assessing clients' assets, liabilities, cash flow, insurance coverage, tax status, and financial objectives. May also buy and sell financial assets for clients.",0.8837410325278724,0.9746457184155848,0.39516686444394833,1.0,1.0,0.8200493345543611,Business,0.3,0.3,0.15,0.1,0.15,cosine,"Strongest fit: Interests (Enterprising interest, 0.97); Education fit (1.00)."
23-1011.00,8,23-1011,Lawyers,"Represent clients in criminal and civil litigation and other legal proceedings, draw up legal documents, or manage or advise clients on legal transactions. May specialize in a single area or may practice broadly in many areas of law.",0.8810078337496331,0.9783809369367863,0.40759889040397046,0.0,0.0,0.9455193746247782,Business,0.3,0.3,0.15,0.1,0.15,cosine,"Strongest fit: Interests (Enterprising interest, 0.98); Labor-market opportunity (95% wage percentile)."
11-3031.01,9,11-3031,Treasurers and Controllers,"Direct financial activities, such as planning, procurement, and investments for all or part of an organization.",0.8790899393831183,0.9319051939529261,0.4297509007215686,0.0,1.0,0.9520062057625351,Business,0.3,0.3,0.15,0.1,0.15,cosine,"Strongest fit: Interests (Enterprising interest, 0.93); Labor-market opportunity (96% wage percentile)."
13-1082.00,10,13-1082,Project Management Specialists,"Analyze and coordinate the schedule, timeline, procurement, staffing, and budget of a product or service on a per project basis. Lead and guide the work of technical staff. May serve as a point of contact for the client or customer.",0.8785635901726014,0.9792121551511053,0.3306542134190783,1.0,1.0,0.8731742030302194,Business,0.3,0.3,0.15,0.1,0.15,cosine,"Strongest fit: Interests (Enterprising interest, 0.98); Education fit (1.00)."
47-2073.00,1,47-2073,Operating Engineers and Other Construction Equipment Operators,"Operate one or several types of power construction equipment, such as motor graders, bulldozers, scrapers, compressors, pumps, derricks, shovels, tractors, or front-end loaders to excavate, move, and grade earth, erect structures, or pour concrete or other hard surface pavement. May repair and maintain equipment in addition to other duties.",0.843769283049645,0.9647258566259939,0.5103815785407981,1.0,1.0,0.6901898349919283,Skilled Trades,0.3,0.3,0.15,0.1,0.15,cosine,"Strongest fit: Interests (Realistic interest, 0.96); Skills (Operation and control, 0.51)."
53-3032.00,2,53-3032,Heavy and Tractor-Trailer Truck Drivers,"Drive a tractor-trailer combination or a truck with a capacity of at least 26,001 pounds Gross Vehicle Weight (GVW). May be required to unload truck. Requires commercial drivers' license. Includes tow truck drivers.",0.8405316780685012,0.9692355130998175,0.4818520822512522,1.0,1.0,0.7256441477985459,Skilled Trades,0.3,0.3,0.15,0.1,0.15,cosine,"Strongest fit: Interests (Realistic interest, 0.97); Education fit (1.00)."
51-4121.00,3,51-4121,"Welders, Cutters, Solderers, and Brazers","Use hand-welding, flame-cutting, hand-soldering, or brazing equipment to weld or join metal components or to fill holes, indentations, or seams of fabricated metal products.",0.839994896714459,0.9671950179809234,0.43584481619219473,1.0,1.0,0.6423897894210809,Skilled Trades,0.3,0.3,0.15,0.1,0.15,cosine,"Strongest fit: Interests (Realistic interest, 0.97); Education fit (1.00)."
49-9051.00,4,49-9051,Electrical Power-Line Installers and Repairers,Install or repair cables or wires used in electrical power or distribution systems. May erect poles and light or heavy duty transmission towers.,0.8355378451567186,0.9800713136571956,0.45954897551813606,1.0,1.0,0.7093257207764847,Skilled Trades,0.3,0.3,0.15,0.1,0.15,cosine,"Strongest fit: Interests (Realistic interest, 0.98); Education fit (1.00)."
49-9052.00,5,49-9052,Telecommunications Line Installers and Repairers,"Install and repair telecommunications cable, including fiber optics.",0.8301902076568276,0.989039419061863,0.4405738384559768,1.0,1.0,0.6070796391679014,Skilled Trades,0.3,0.3,0.15,0.1,0.15,cosine,"Strongest fit: Interests (Realistic interest, 0.99); Education fit (1.00)."
53-7081.00,6,53-7081,Refuse and Recyclable Material Collectors,Collect and dump refuse or recyclable materials from containers into truck. May drive truck.,0.8274832112813089,0.9657187381274269,0.4532037402264919,1.0,1.0,0.5204916426839197,Skilled Trades,0.3,0.3,0.15,0.1,0.15,cosine,"Strongest fit: Interests (Realistic interest, 0.97); Education fit (1.00)."
49-9041.00,7,49-9041,Industrial Machinery Mechanics,"Repair, install, adjust, or maintain industrial production and processing machinery or refinery and pipeline distribution systems. May also install, dismantle, or move machinery and heavy equipment according to plans.",0.8208096164617928,0.9573758136920337,0.555821836282729,0.6666666666666667,0.6666666666666667,0.7167133259897509,Skilled Trades,0.3,0.3,0.15,0.1,0.15,cosine,"Strongest fit: Interests (Realistic interest, 0.96); Skills (Operation and control, 0.56)."
49-3031.00,8,49-3031,Bus and Truck Mechanics and Diesel Engine Specialists,"Diagnose, adjust, repair, or overhaul buses and trucks, or maintain and repair any type of diesel engines. Includes mechanics working primarily with automobile or marine diesel engines.",0.8176665914585004,0.9700730464221574,0.5322332541787873,0.6666666666666667,0.6666666666666667,0.6561362694117538,Skilled Trades,0.3,0.3,0.15,0.1,0.15,cosine,"Strongest fit: Interests (Realistic interest, 0.97); Skills (Repairing, 0.53)."
47-4051.00,9,47-4051,Highway Maintenance Workers,"Maintain highways, municipal and rural roads, airport runways, and rights-of-way. Duties include patching broken or eroded pavement and repairing guard rails, highway markers, and snow fences. May also mow or clear brush from along road, or plow snow from roadway.",0.8117980916186568,0.9776795244328078,0.4568723065970487,1.0,1.0,0.5350815703655971,Skilled Trades,0.3,0.3,0.15,0.1,0.15,cosine,"Strongest fit: Interests (Realistic interest, 0.98); Education fit (1.00)."
53-7051.00,10,53-7051,Industrial Truck and Tractor Operators,"Operate industrial trucks or tractors equipped to move materials around a warehouse, storage yard, factory, construction site, or similar location.",0.8101052805269406,0.9598258192788924,0.4510952758142074,1.0,1.0,0.6134917283106712,Skilled Trades,0.3,0.3,0.15,0.1,0.15,cosine,"Strongest fit: Interests (Realistic interest, 0.96); Education fit (1.00)."
27-3043.05,1,27-3043,"Poets, Lyricists and Creative Writers","Create original written works, such as scripts, essays, prose, poetry or song lyrics, for publication or performance.",0.8794963703489992,0.9568527702775596,0.5276284548133622,1.0,1.0,0.5647859621471706,Creative Careers,0.3,0.3,0.15,0.1,0.15,cosine,"Strongest fit: Interests (Artistic interest, 0.96); Skills (Writing, 0.53)."
27-1011.00,2,27-1011,Art Directors,"Formulate design concepts and presentation approaches for visual productions and media, such as print, broadcasting, video, and film. Direct workers engaged in artwork or layout design.",0.871869409007085,0.9707017424898963,0.36951736007865216,1.0,1.0,0.7144297040652389,Creative Careers,0.3,0.3,0.15,0.1,0.15,cosine,"Strongest fit: Interests (Artistic interest, 0.97); Education fit (1.00)."
27-2012.04,3,27-2012,Talent Directors,"Audition and interview performers to select most appropriate talent for parts in stage, television, radio, or motion picture productions.",0.8707870941880671,0.9243134412811272,0.3754044906596217,1.0,1.0,0.7141239512537063,Creative Careers,0.3,0.3,0.15,0.1,0.15,cosine,"Strongest fit: Interests (Artistic interest, 0.92); Education fit (1.00)."
25-1121.00,4,25-1121,"Art, Drama, and Music Teachers, Postsecondary","Teach courses in drama, music, and the arts including fine and applied art, such as painting and sculpture, or design and crafts. Includes both teachers primarily engaged in teaching and those who do a combination of teaching and research.",0.8663745792834227,0.8807920753866207,0.4577339624246303,0.0,0.0,0.6322908276333492,Creative Careers,0.3,0.3,0.15,0.1,0.15,cosine,"Strongest fit: Interests (Artistic interest, 0.88); Skills (Speaking, 0.46)."
27-1024.00,5,27-1024,Graphic Designers,"Design or create graphics to meet specific commercial or promotional needs, such as packaging, displays, or logos. May use a variety of mediums to achieve artistic or decorative effects.",0.8619842618335546,0.9454931158708298,0.4318080720537192,1.0,1.0,0.591483113388686,Creative Careers,0.3,0.3,0.15,0.1,0.15,cosine,"Strongest fit: Interests (Artistic interest, 0.95); Education fit (1.00)."
27-3043.00,6,27-3043,Writers and Authors,"Originate and prepare written material, such as scripts, stories, advertisements, and other material.",0.8612213100722251,0.9547223750930673,0.477423349870971,1.0,1.0,0.5647859621471706,Creative Careers,0.3,0.3,0.15,0.1,0.15,cosine,"Strongest fit: Interests (Artistic interest, 0.95); Education fit (1.00)."
27-3041.00,7,27-3041,Editors,"Plan, coordinate, revise, or edit written material. May review proposals and drafts for possible publication.",0.8566100826349351,0.8980517339127209,0.4127493320810033,1.0,1.0,0.6202702467356616,Creative Careers,0.3,0.3,0.15,0.1,0.15,cosine,"Strongest fit: Interests (Artistic interest, 0.90); Education fit (1.00)."
27-2041.00,8,27-2041,Music Directors and Composers,"Conduct, direct, plan, and lead instrumental or vocal performances by musical artists or groups, such as orchestras, bands, choirs, and glee clubs; or create original works of music.",0.8564672159911014,0.9847620442977781,0.40083802624245707,0.0,1.0,0.41989885884212313,Creative Careers,0.3,0.3,0.15,0.1,0.15,cosine,"Strongest fit: Interests (Artistic interest, 0.98); Skills (Speaking, 0.40)."
27-3031.00,9,27-3031,Public Relations Specialists,"Promote or create an intended public image for individuals, groups, or organizations. May write or select material for release to various communications media. May specialize in using social media.",0.8521160076564572,0.8980199484979161,0.40702463583024057,1.0,1.0,0.681966570735679,Creative Careers,0.3,0.3,0.15,0.1,0.15,cosine,"Strongest fit: Interests (Artistic interest, 0.90); Education fit (1.00)."
27-1014.00,10,27-1014,Special Effects Artists and Animators,"Create special effects or animations using film, video, computers, or other electronic tools and media for use in products, such as computer games, movies, music videos, and commercials.",0.8513127692215239,0.9393860880606535,0.3949391218462836,1.0,1.0,0.5962480244166859,Creative Careers,0.3,0.3,0.15,0.1,0.15,cosine,"Strongest fit: Interests (Artistic interest, 0.94); Education fit (1.00)."
21-1012.00,1,21-1012,"Educational, Guidance, and Career Counselors and Advisors",Advise and assist students and provide educational and vocational guidance services.,0.904015418818638,0.9930747361294888,0.5265267169343021,0.0,0.0,0.747122847850385,Social Services,0.3,0.3,0.15,0.1,0.15,cosine,"Strongest fit: Interests (Social interest, 0.99); Skills (Active listening, 0.53)."
29-1141.04,2,29-1141,Clinical Nurse Specialists,"Direct nursing staff in the provision of patient care in a clinical practice setting, such as a hospital, hospice, clinic, or home. Ensure adherence to established clinical policies, protocols, regulations, and standards.",0.8954659632304205,0.9712230940065998,0.46211270922684744,0.0,0.0,0.9276981601029511,Social Services,0.3,0.3,0.15,0.1,0.15,cosine,"Strongest fit: Interests (Social interest, 0.97); Labor-market opportunity (76% wage percentile)."
25-9031.00,3,25-9031,Instructional Coordinators,"Develop instructional material, coordinate educational content, and incorporate current technology into instruction in order to provide guidelines to educators and instructors for developing curricula and conducting courses. May train and coach teachers. Includes educational consultants and specialists, and instructional material directors.",0.8918254399570315,0.9823617947062596,0.4831218710992147,0.0,0.0,0.7437541711942071,Social Services,0.3,0.3,0.15,0.1,0.15,cosine,"Strongest fit: Interests (Social interest, 0.98); Skills (Instructing, 0.48)."
25-2031.00,4,25-2031,"Secondary School Teachers, Except Special and Career/Technical Education",Teach one or more subjects to students at the secondary school level.,0.891441384840277,0.9482298967087553,0.4909816087585067,1.0,1.0,0.8445927328389373,Social Services,0.3,0.3,0.15,0.1,0.15,cosine,"Strongest fit: Interests (Social interest, 0.95); Education fit (1.00)."
25-1011.00,5,25-1011,"Business Teachers, Postsecondary","Teach courses in business administration and management, such as accounting, finance, human resources, labor and industrial relations, marketing, and operations research. Includes both teachers primarily engaged in teaching and those who do a combination of teaching and research.",0.8895863814932757,0.9800277550120994,0.4619577332376378,0.0,0.0,0.6460208750971076,Social Services,0.3,0.3,0.15,0.1,0.15,cosine,"Strongest fit: Interests (Social interest, 0.98); Skills (Instructing, 0.46)."
25-2021.00,6,25-2021,"Elementary School Teachers, Except Special Education",Teach academic and social skills to students at the elementary school level.,0.8891298236836098,0.9448193587617854,0.5213028799671859,1.0,1.0,0.8343769223257552,Social Services,0.3,0.3,0.15,0.1,0.15,cosine,"Strongest fit: Interests (Social interest, 0.94); Skills (Instructing, 0.52)."
25-9044.00,7,25-9044,"Teaching Assistants, Postsecondary","Assist faculty or other instructional staff in postsecondary institutions by performing instructional support activities, such as developing teaching materials, leading discussion groups, preparing and giving examinations, and grading examinations or papers.",0.8874623450164689,0.9615222489693291,0.5102873565871416,0.0,0.0,0.5698561905964411,Social Services,0.3,0.3,0.15,0.1,0.15,cosine,"Strongest fit: Interests (Social interest, 0.96); Skills (Active listening, 0.51)."
25-3021.00,8,25-3021,Self-Enrichment Teachers,"Teach or instruct individuals or groups for the primary purpose of self-enrichment or recreation, rather than for an occupational objective, educational attainment, competition, or fitness.",0.8873910619918222,0.9400431040571585,0.5147747373840856,1.0,1.0,0.6610849116748655,Social Services,0.3,0.3,0.15,0.1,0.15,cosine,"Strongest fit: Interests (Social interest, 0.94); Skills (Active listening, 0.51)."
21-1093.00,9,21-1093,Social and Human Service Assistants,"Assist other social and human service providers in providing client services in a wide variety of fields, such as psychology, rehabilitation, or social work, including support for families. May assist clients in identifying and obtaining available benefits and social and community services. May assist social workers with developing, organizing, and conducting programs to prevent and resolve problems relevant to substance abuse, human relationships, rehabilitation, or dependent care.",0.8872508274126953,0.9818460025472675,0.5061255194978527,1.0,1.0,0.692861247965328,Social Services,0.3,0.3,0.15,0.1,0.15,cosine,"Strongest fit: Interests (Social interest, 0.98); Skills (Active listening, 0.51)."
29-1141.02,10,29-1141,Advanced Practice Psychiatric Nurses,"Assess, diagnose, and treat individuals and families with mental health or substance use disorders or the potential for such disorders. Apply therapeutic activities, including the prescription of medication, per state regulations, and the administration of psychotherapy.",0.8861255137431159,0.9110321644973574,0.48844673064580374,0.0,0.0,0.9276981601029511,Social Services,0.3,0.3,0.15,0.1,0.15,cosine,"Strongest fit: Interests (Social interest, 0.91); Skills (Active listening, 0.49)."
