model,profile_name,rank,onet_soc_code,soc_code,occupation_title,interest_score,skill_score,education_score,job_zone_score,labor_market_score,why
cosine,Business,1,11-3031.03,11-3031,Investment Fund Managers,0.9797108264835509,0.3943588098110833,0.0,0.0,0.9520062057625351,"Strongest fit: Interests (Enterprising interest, 0.98); Labor-market opportunity (96% wage percentile)."
cosine,Business,2,11-9199.10,11-9199,Wind Energy Development Managers,0.9719031400952605,0.41089014567628057,1.0,1.0,0.9309088868473923,"Strongest fit: Interests (Enterprising interest, 0.97); Education fit (1.00)."
cosine,Business,3,11-1011.03,11-1011,Chief Sustainability Officers,0.9878242012254316,0.39249390411959106,0.0,0.0,0.8842357159339774,"Strongest fit: Interests (Enterprising interest, 0.99); Labor-market opportunity (97% wage percentile)."
cosine,Business,4,11-9199.02,11-9199,Compliance Managers,0.9629038621178201,0.36989945754377235,1.0,1.0,0.9309088868473923,"Strongest fit: Interests (Enterprising interest, 0.96); Education fit (1.00)."
cosine,Business,5,11-2021.00,11-2021,Marketing Managers,0.9703888037170663,0.4229155952818491,0.0,1.0,0.9180198837895014,"Strongest fit: Interests (Enterprising interest, 0.97); Labor-market opportunity (96% wage percentile)."
knn_cosine,Business,1,11-3031.03,11-3031,Investment Fund Managers,0.9797108264835509,0.3943588098110833,0.0,0.0,0.9520062057625351,"Strongest fit: Interests (Enterprising interest, 0.98); Labor-market opportunity (96% wage percentile)."
knn_cosine,Business,2,11-9199.10,11-9199,Wind Energy Development Managers,0.9719031400952605,0.41089014567628057,1.0,1.0,0.9309088868473923,"Strongest fit: Interests (Enterprising interest, 0.97); Education fit (1.00)."
knn_cosine,Business,3,11-1011.03,11-1011,Chief Sustainability Officers,0.9878242012254316,0.39249390411959106,0.0,0.0,0.8842357159339774,"Strongest fit: Interests (Enterprising interest, 0.99); Labor-market opportunity (97% wage percentile)."
knn_cosine,Business,4,11-9199.02,11-9199,Compliance Managers,0.9629038621178201,0.36989945754377235,1.0,1.0,0.9309088868473923,"Strongest fit: Interests (Enterprising interest, 0.96); Education fit (1.00)."
knn_cosine,Business,5,11-2021.00,11-2021,Marketing Managers,0.9703888037170663,0.4229155952818491,0.0,1.0,0.9180198837895014,"Strongest fit: Interests (Enterprising interest, 0.97); Labor-market opportunity (96% wage percentile)."
knn_euclidean,Business,1,11-9199.10,11-9199,Wind Energy Development Managers,0.9719031400952605,0.41089014567628057,1.0,1.0,0.9309088868473923,"Strongest fit: Interests (Enterprising interest, 0.97); Education fit (1.00)."
knn_euclidean,Business,2,13-1082.00,13-1082,Project Management Specialists,0.9792121551511053,0.3306542134190783,1.0,1.0,0.8731742030302194,"Strongest fit: Interests (Enterprising interest, 0.98); Education fit (1.00)."
knn_euclidean,Business,3,13-2052.00,13-2052,Personal Financial Advisors,0.9746457184155848,0.39516686444394833,1.0,1.0,0.8200493345543611,"Strongest fit: Interests (Enterprising interest, 0.97); Education fit (1.00)."
knn_euclidean,Business,4,11-9199.02,11-9199,Compliance Managers,0.9629038621178201,0.36989945754377235,1.0,1.0,0.9309088868473923,"Strongest fit: Interests (Enterprising interest, 0.96); Education fit (1.00)."
knn_euclidean,Business,5,41-4012.00,41-4012,"Sales Representatives, Wholesale and Manufacturing, Except Technical and Scientific Products",0.9745306927482427,0.43282725492274454,1.0,1.0,0.7419343953953126,"Strongest fit: Interests (Enterprising interest, 0.97); Education fit (1.00)."
knn_manhattan,Business,1,41-4012.00,41-4012,"Sales Representatives, Wholesale and Manufacturing, Except Technical and Scientific Products",0.9745306927482427,0.43282725492274454,1.0,1.0,0.7419343953953126,"Strongest fit: Interests (Enterprising interest, 0.97); Education fit (1.00)."
knn_manhattan,Business,2,13-2052.00,13-2052,Personal Financial Advisors,0.9746457184155848,0.39516686444394833,1.0,1.0,0.8200493345543611,"Strongest fit: Interests (Enterprising interest, 0.97); Education fit (1.00)."
knn_manhattan,Business,3,13-1071.00,13-1071,Human Resources Specialists,0.9625030310155089,0.3442352962603308,1.0,1.0,0.7581235356978895,"Strongest fit: Interests (Enterprising interest, 0.96); Education fit (1.00)."
knn_manhattan,Business,4,11-3031.00,11-3031,Financial Managers,0.9674067849652171,0.3967239612087889,1.0,1.0,0.9520062057625351,"Strongest fit: Interests (Enterprising interest, 0.97); Education fit (1.00)."
knn_manhattan,Business,5,23-2011.00,23-2011,Paralegals and Legal Assistants,0.9303415686144079,0.3096034216243441,1.0,1.0,0.6467531254973728,"Strongest fit: Interests (Conventional interest, 0.93); Education fit (1.00)."
knn_minkowski,Business,1,11-9199.10,11-9199,Wind Energy Development Managers,0.9719031400952605,0.41089014567628057,1.0,1.0,0.9309088868473923,"Strongest fit: Interests (Enterprising interest, 0.97); Education fit (1.00)."
knn_minkowski,Business,2,13-1082.00,13-1082,Project Management Specialists,0.9792121551511053,0.3306542134190783,1.0,1.0,0.8731742030302194,"Strongest fit: Interests (Enterprising interest, 0.98); Education fit (1.00)."
knn_minkowski,Business,3,13-2052.00,13-2052,Personal Financial Advisors,0.9746457184155848,0.39516686444394833,1.0,1.0,0.8200493345543611,"Strongest fit: Interests (Enterprising interest, 0.97); Education fit (1.00)."
knn_minkowski,Business,4,11-9199.02,11-9199,Compliance Managers,0.9629038621178201,0.36989945754377235,1.0,1.0,0.9309088868473923,"Strongest fit: Interests (Enterprising interest, 0.96); Education fit (1.00)."
knn_minkowski,Business,5,13-1141.00,13-1141,"Compensation, Benefits, and Job Analysis Specialists",0.9714662579252865,0.35089477543300457,1.0,1.0,0.6446871987038916,"Strongest fit: Interests (Enterprising interest, 0.97); Education fit (1.00)."
weighted,Business,1,11-9199.10,11-9199,Wind Energy Development Managers,0.9719031400952605,0.41089014567628057,1.0,1.0,0.9309088868473923,"Strongest fit: Interests (Enterprising interest, 0.97); Education fit (1.00)."
weighted,Business,2,11-9111.00,11-9111,Medical and Health Services Managers,0.9873047139269213,0.4082025518387914,1.0,1.0,0.9038453909828741,"Strongest fit: Interests (Enterprising interest, 0.99); Education fit (1.00)."
weighted,Business,3,11-2022.00,11-2022,Sales Managers,0.9484210630569962,0.42742899125535105,1.0,1.0,0.9385700622753205,"Strongest fit: Interests (Enterprising interest, 0.95); Education fit (1.00)."
weighted,Business,4,11-3031.00,11-3031,Financial Managers,0.9674067849652171,0.3967239612087889,1.0,1.0,0.9520062057625351,"Strongest fit: Interests (Enterprising interest, 0.97); Education fit (1.00)."
weighted,Business,5,41-4011.00,41-4011,"Sales Representatives, Wholesale and Manufacturing, Technical and Scientific Products",0.9835205555266726,0.4418714009054159,1.0,1.0,0.8221837748432475,"Strongest fit: Interests (Enterprising interest, 0.98); Education fit (1.00)."
cosine,Creative Careers,1,27-3043.05,27-3043,"Poets, Lyricists and Creative Writers",0.9568527702775596,0.5276284548133622,1.0,1.0,0.5647859621471706,"Strongest fit: Interests (Artistic interest, 0.96); Skills (Writing, 0.53)."
cosine,Creative Careers,2,27-1011.00,27-1011,Art Directors,0.9707017424898963,0.36951736007865216,1.0,1.0,0.7144297040652389,"Strongest fit: Interests (Artistic interest, 0.97); Education fit (1.00)."
cosine,Creative Careers,3,27-2012.04,27-2012,Talent Directors,0.9243134412811272,0.3754044906596217,1.0,1.0,0.7141239512537063,"Strongest fit: Interests (Artistic interest, 0.92); Education fit (1.00)."
cosine,Creative Careers,4,25-1121.00,25-1121,"Art, Drama, and Music Teachers, Postsecondary",0.8807920753866207,0.4577339624246303,0.0,0.0,0.6322908276333492,"Strongest fit: Interests (Artistic interest, 0.88); Skills (Speaking, 0.46)."
cosine,Creative Careers,5,27-1024.00,27-1024,Graphic Designers,0.9454931158708298,0.4318080720537192,1.0,1.0,0.591483113388686,"Strongest fit: Interests (Artistic interest, 0.95); Education fit (1.00)."
knn_cosine,Creative Careers,1,27-3043.05,27-3043,"Poets, Lyricists and Creative Writers",0.9568527702775596,0.5276284548133622,1.0,1.0,0.5647859621471706,"Strongest fit: Interests (Artistic interest, 0.96); Skills (Writing, 0.53)."
knn_cosine,Creative Careers,2,27-1011.00,27-1011,Art Directors,0.9707017424898963,0.36951736007865216,1.0,1.0,0.7144297040652389,"Strongest fit: Interests (Artistic interest, 0.97); Education fit (1.00)."
knn_cosine,Creative Careers,3,27-2012.04,27-2012,Talent Directors,0.9243134412811272,0.3754044906596217,1.0,1.0,0.7141239512537063,"Strongest fit: Interests (Artistic interest, 0.92); Education fit (1.00)."
knn_cosine,Creative Careers,4,25-1121.00,25-1121,"Art, Drama, and Music Teachers, Postsecondary",0.8807920753866207,0.4577339624246303,0.0,0.0,0.6322908276333492,"Strongest fit: Interests (Artistic interest, 0.88); Skills (Speaking, 0.46)."
knn_cosine,Creative Careers,5,27-1024.00,27-1024,Graphic Designers,0.9454931158708298,0.4318080720537192,1.0,1.0,0.591483113388686,"Strongest fit: Interests (Artistic interest, 0.95); Education fit (1.00)."
knn_euclidean,Creative Careers,1,27-3043.05,27-3043,"Poets, Lyricists and Creative Writers",0.9568527702775596,0.5276284548133622,1.0,1.0,0.5647859621471706,"Strongest fit: Interests (Artistic interest, 0.96); Skills (Writing, 0.53)."
knn_euclidean,Creative Careers,2,27-2012.04,27-2012,Talent Directors,0.9243134412811272,0.3754044906596217,1.0,1.0,0.7141239512537063,"Strongest fit: Interests (Artistic interest, 0.92); Education fit (1.00)."
knn_euclidean,Creative Careers,3,27-1024.00,27-1024,Graphic Designers,0.9454931158708298,0.4318080720537192,1.0,1.0,0.591483113388686,"Strongest fit: Interests (Artistic interest, 0.95); Education fit (1.00)."
knn_euclidean,Creative Careers,4,27-3043.00,27-3043,Writers and Authors,0.9547223750930673,0.477423349870971,1.0,1.0,0.5647859621471706,"Strongest fit: Interests (Artistic interest, 0.95); Education fit (1.00)."
knn_euclidean,Creative Careers,5,27-1011.00,27-1011,Art Directors,0.9707017424898963,0.36951736007865216,1.0,1.0,0.7144297040652389,"Strongest fit: Interests (Artistic interest, 0.97); Education fit (1.00)."
knn_manhattan,Creative Careers,1,27-3043.05,27-3043,"Poets, Lyricists and Creative Writers",0.9568527702775596,0.5276284548133622,1.0,1.0,0.5647859621471706,"Strongest fit: Interests (Artistic interest, 0.96); Skills (Writing, 0.53)."
knn_manhattan,Creative Careers,2,27-3043.00,27-3043,Writers and Authors,0.9547223750930673,0.477423349870971,1.0,1.0,0.5647859621471706,"Strongest fit: Interests (Artistic interest, 0.95); Education fit (1.00)."
knn_manhattan,Creative Careers,3,27-1024.00,27-1024,Graphic Designers,0.9454931158708298,0.4318080720537192,1.0,1.0,0.591483113388686,"Strongest fit: Interests (Artistic interest, 0.95); Education fit (1.00)."
knn_manhattan,Creative Careers,4,27-3091.00,27-3091,Interpreters and Translators,0.8387600817680361,0.4653786568738878,1.0,1.0,0.4554425959708985,"Strongest fit: Interests (Artistic interest, 0.84); Education fit (1.00)."
knn_manhattan,Creative Careers,5,27-2012.04,27-2012,Talent Directors,0.9243134412811272,0.3754044906596217,1.0,1.0,0.7141239512537063,"Strongest fit: Interests (Artistic interest, 0.92); Education fit (1.00)."
knn_minkowski,Creative Careers,1,27-3043.05,27-3043,"Poets, Lyricists and Creative Writers",0.9568527702775596,0.5276284548133622,1.0,1.0,0.5647859621471706,"Strongest fit: Interests (Artistic interest, 0.96); Skills (Writing, 0.53)."
knn_minkowski,Creative Careers,2,27-2012.04,27-2012,Talent Directors,0.9243134412811272,0.3754044906596217,1.0,1.0,0.7141239512537063,"Strongest fit: Interests (Artistic interest, 0.92); Education fit (1.00)."
knn_minkowski,Creative Careers,3,27-1011.00,27-1011,Art Directors,0.9707017424898963,0.36951736007865216,1.0,1.0,0.7144297040652389,"Strongest fit: Interests (Artistic interest, 0.97); Education fit (1.00)."
knn_minkowski,Creative Careers,4,27-1024.00,27-1024,Graphic Designers,0.9454931158708298,0.4318080720537192,1.0,1.0,0.591483113388686,"Strongest fit: Interests (Artistic interest, 0.95); Education fit (1.00)."
knn_minkowski,Creative Careers,5,15-1255.01,15-1255,Video Game Designers,0.9347746979541844,0.40434523257825894,1.0,1.0,0.7518657561204987,"Strongest fit: Interests (Artistic interest, 0.93); Education fit (1.00)."
weighted,Creative Careers,1,27-3043.05,27-3043,"Poets, Lyricists and Creative Writers",0.9568527702775596,0.5276284548133622,1.0,1.0,0.5647859621471706,"Strongest fit: Interests (Artistic interest, 0.96); Skills (Writing, 0.53)."
weighted,Creative Careers,2,15-1255.01,15-1255,Video Game Designers,0.9347746979541844,0.40434523257825894,1.0,1.0,0.7518657561204987,"Strongest fit: Interests (Artistic interest, 0.93); Education fit (1.00)."
weighted,Creative Careers,3,27-3043.00,27-3043,Writers and Authors,0.9547223750930673,0.477423349870971,1.0,1.0,0.5647859621471706,"Strongest fit: Interests (Artistic interest, 0.95); Education fit (1.00)."
weighted,Creative Careers,4,27-1011.00,27-1011,Art Directors,0.9707017424898963,0.36951736007865216,1.0,1.0,0.7144297040652389,"Strongest fit: Interests (Artistic interest, 0.97); Education fit (1.00)."
weighted,Creative Careers,5,27-2012.00,27-2012,Producers and Directors,0.9516571879919486,0.3823954482575571,1.0,1.0,0.7141239512537063,"Strongest fit: Interests (Artistic interest, 0.95); Education fit (1.00)."
cosine,Data and Technology,1,15-2051.01,15-2051,Business Intelligence Analysts,0.9677676493764161,0.4272236825773014,1.0,1.0,0.8478367876712958,"Strongest fit: Interests (Investigative interest, 0.97); Education fit (1.00)."
cosine,Data and Technology,2,15-1252.00,15-1252,Software Developers,0.9508267517885809,0.459391959251038,1.0,1.0,0.9511152279679225,"Strongest fit: Interests (Investigative interest, 0.95); Education fit (1.00)."
cosine,Data and Technology,3,15-1243.01,15-1243,Data Warehousing Specialists,0.9493776776990556,0.48224056535814785,1.0,1.0,0.7627195032100356,"Strongest fit: Interests (Conventional interest, 0.95); Education fit (1.00)."
cosine,Data and Technology,4,15-2051.02,15-2051,Clinical Data Managers,0.9532707621903183,0.4486160078144451,1.0,1.0,0.8478367876712958,"Strongest fit: Interests (Investigative interest, 0.95); Education fit (1.00)."
cosine,Data and Technology,5,13-2099.01,13-2099,Financial Quantitative Analysts,0.9836898933719765,0.4608848831907683,0.0,0.0,0.6794942313209111,"Strongest fit: Interests (Investigative interest, 0.98); Skills (Mathematics, 0.46)."
knn_cosine,Data and Technology,1,15-2051.01,15-2051,Business Intelligence Analysts,0.9677676493764161,0.4272236825773014,1.0,1.0,0.8478367876712958,"Strongest fit: Interests (Investigative interest, 0.97); Education fit (1.00)."
knn_cosine,Data and Technology,2,15-1252.00,15-1252,Software Developers,0.9508267517885809,0.459391959251038,1.0,1.0,0.9511152279679225,"Strongest fit: Interests (Investigative interest, 0.95); Education fit (1.00)."
knn_cosine,Data and Technology,3,15-1243.01,15-1243,Data Warehousing Specialists,0.9493776776990556,0.48224056535814785,1.0,1.0,0.7627195032100356,"Strongest fit: Interests (Conventional interest, 0.95); Education fit (1.00)."
knn_cosine,Data and Technology,4,15-2051.02,15-2051,Clinical Data Managers,0.9532707621903183,0.4486160078144451,1.0,1.0,0.8478367876712958,"Strongest fit: Interests (Investigative interest, 0.95); Education fit (1.00)."
knn_cosine,Data and Technology,5,13-2099.01,13-2099,Financial Quantitative Analysts,0.9836898933719765,0.4608848831907683,0.0,0.0,0.6794942313209111,"Strongest fit: Interests (Investigative interest, 0.98); Skills (Mathematics, 0.46)."
knn_euclidean,Data and Technology,1,15-2051.01,15-2051,Business Intelligence Analysts,0.9677676493764161,0.4272236825773014,1.0,1.0,0.8478367876712958,"Strongest fit: Interests (Investigative interest, 0.97); Education fit (1.00)."
knn_euclidean,Data and Technology,2,15-1252.00,15-1252,Software Developers,0.9508267517885809,0.459391959251038,1.0,1.0,0.9511152279679225,"Strongest fit: Interests (Investigative interest, 0.95); Education fit (1.00)."
knn_euclidean,Data and Technology,3,15-1243.01,15-1243,Data Warehousing Specialists,0.9493776776990556,0.48224056535814785,1.0,1.0,0.7627195032100356,"Strongest fit: Interests (Conventional interest, 0.95); Education fit (1.00)."
knn_euclidean,Data and Technology,4,15-1243.00,15-1243,Database Architects,0.9731805024357021,0.45624297570643657,1.0,1.0,0.7627195032100356,"Strongest fit: Interests (Investigative interest, 0.97); Education fit (1.00)."
knn_euclidean,Data and Technology,5,15-2051.02,15-2051,Clinical Data Managers,0.9532707621903183,0.4486160078144451,1.0,1.0,0.8478367876712958,"Strongest fit: Interests (Investigative interest, 0.95); Education fit (1.00)."
knn_manhattan,Data and Technology,1,33-3021.06,33-3021,Intelligence Analysts,0.9939533112194125,0.353528725632389,1.0,1.0,0.7076618043249734,"Strongest fit: Interests (Investigative interest, 0.99); Education fit (1.00)."
knn_manhattan,Data and Technology,2,15-2051.01,15-2051,Business Intelligence Analysts,0.9677676493764161,0.4272236825773014,1.0,1.0,0.8478367876712958,"Strongest fit: Interests (Investigative interest, 0.97); Education fit (1.00)."
knn_manhattan,Data and Technology,3,23-2011.00,23-2011,Paralegals and Legal Assistants,0.9759821510090068,0.28821263976666217,1.0,1.0,0.6467531254973728,"Strongest fit: Interests (Investigative interest, 0.98); Education fit (1.00)."
knn_manhattan,Data and Technology,4,15-1252.00,15-1252,Software Developers,0.9508267517885809,0.459391959251038,1.0,1.0,0.9511152279679225,"Strongest fit: Interests (Investigative interest, 0.95); Education fit (1.00)."
knn_manhattan,Data and Technology,5,15-1243.01,15-1243,Data Warehousing Specialists,0.9493776776990556,0.48224056535814785,1.0,1.0,0.7627195032100356,"Strongest fit: Interests (Conventional interest, 0.95); Education fit (1.00)."
knn_minkowski,Data and Technology,1,15-1252.00,15-1252,Software Developers,0.9508267517885809,0.459391959251038,1.0,1.0,0.9511152279679225,"Strongest fit: Interests (Investigative interest, 0.95); Education fit (1.00)."
knn_minkowski,Data and Technology,2,15-2051.01,15-2051,Business Intelligence Analysts,0.9677676493764161,0.4272236825773014,1.0,1.0,0.8478367876712958,"Strongest fit: Interests (Investigative interest, 0.97); Education fit (1.00)."
knn_minkowski,Data and Technology,3,15-1243.01,15-1243,Data Warehousing Specialists,0.9493776776990556,0.48224056535814785,1.0,1.0,0.7627195032100356,"Strongest fit: Interests (Conventional interest, 0.95); Education fit (1.00)."
knn_minkowski,Data and Technology,4,15-2051.02,15-2051,Clinical Data Managers,0.9532707621903183,0.4486160078144451,1.0,1.0,0.8478367876712958,"Strongest fit: Interests (Investigative interest, 0.95); Education fit (1.00)."
knn_minkowski,Data and Technology,5,15-1251.00,15-1251,Computer Programmers,0.9450175814901981,0.49898101603289385,1.0,1.0,0.7094074773923607,"Strongest fit: Interests (Investigative interest, 0.95); Education fit (1.00)."
weighted,Data and Technology,1,15-1252.00,15-1252,Software Developers,0.9508267517885809,0.459391959251038,1.0,1.0,0.9511152279679225,"Strongest fit: Interests (Investigative interest, 0.95); Education fit (1.00)."
weighted,Data and Technology,2,15-2051.02,15-2051,Clinical Data Managers,0.9532707621903183,0.4486160078144451,1.0,1.0,0.8478367876712958,"Strongest fit: Interests (Investigative interest, 0.95); Education fit (1.00)."
weighted,Data and Technology,3,15-1241.00,15-1241,Computer Network Architects,0.9617007233987602,0.43568038081777144,1.0,1.0,0.8483729828731985,"Strongest fit: Interests (Investigative interest, 0.96); Education fit (1.00)."
weighted,Data and Technology,4,15-2051.01,15-2051,Business Intelligence Analysts,0.9677676493764161,0.4272236825773014,1.0,1.0,0.8478367876712958,"Strongest fit: Interests (Investigative interest, 0.97); Education fit (1.00)."
weighted,Data and Technology,5,15-1299.08,15-1299,Computer Systems Engineers/Architects,0.9555473722762471,0.42448453057295665,1.0,1.0,0.8772334311026355,"Strongest fit: Interests (Investigative interest, 0.96); Education fit (1.00)."
cosine,Healthcare,1,29-1229.02,29-1229,Hospitalists,0.977050016458834,0.4737072804045514,1.0,1.0,0.8960350641547551,"Strongest fit: Interests (Social interest, 0.98); Education fit (1.00)."
cosine,Healthcare,2,29-1215.00,29-1215,Family Medicine Physicians,0.9805187319884263,0.4843703216081981,1.0,1.0,0.7668604878983276,"Strongest fit: Interests (Social interest, 0.98); Education fit (1.00)."
cosine,Healthcare,3,29-1171.00,29-1171,Nurse Practitioners,0.9754416939000632,0.473650336712443,1.0,1.0,0.8656035978474306,"Strongest fit: Interests (Social interest, 0.98); Education fit (1.00)."
cosine,Healthcare,4,29-1123.00,29-1123,Physical Therapists,0.9478952431261424,0.460544136624478,1.0,1.0,0.8141446867149369,"Strongest fit: Interests (Social interest, 0.95); Education fit (1.00)."
cosine,Healthcare,5,29-1051.00,29-1051,Pharmacists,0.9647429829697697,0.44641192929156237,1.0,1.0,0.8701867606529112,"Strongest fit: Interests (Social interest, 0.96); Education fit (1.00)."
knn_cosine,Healthcare,1,29-1229.02,29-1229,Hospitalists,0.977050016458834,0.4737072804045514,1.0,1.0,0.8960350641547551,"Strongest fit: Interests (Social interest, 0.98); Education fit (1.00)."
knn_cosine,Healthcare,2,29-1215.00,29-1215,Family Medicine Physicians,0.9805187319884263,0.4843703216081981,1.0,1.0,0.7668604878983276,"Strongest fit: Interests (Social interest, 0.98); Education fit (1.00)."
knn_cosine,Healthcare,3,29-1171.00,29-1171,Nurse Practitioners,0.9754416939000632,0.473650336712443,1.0,1.0,0.8656035978474306,"Strongest fit: Interests (Social interest, 0.98); Education fit (1.00)."
knn_cosine,Healthcare,4,29-1123.00,29-1123,Physical Therapists,0.9478952431261424,0.460544136624478,1.0,1.0,0.8141446867149369,"Strongest fit: Interests (Social interest, 0.95); Education fit (1.00)."
knn_cosine,Healthcare,5,29-1051.00,29-1051,Pharmacists,0.9647429829697697,0.44641192929156237,1.0,1.0,0.8701867606529112,"Strongest fit: Interests (Social interest, 0.96); Education fit (1.00)."
knn_euclidean,Healthcare,1,29-1229.02,29-1229,Hospitalists,0.977050016458834,0.4737072804045514,1.0,1.0,0.8960350641547551,"Strongest fit: Interests (Social interest, 0.98); Education fit (1.00)."
knn_euclidean,Healthcare,2,29-1123.00,29-1123,Physical Therapists,0.9478952431261424,0.460544136624478,1.0,1.0,0.8141446867149369,"Strongest fit: Interests (Social interest, 0.95); Education fit (1.00)."
knn_euclidean,Healthcare,3,29-1171.00,29-1171,Nurse Practitioners,0.9754416939000632,0.473650336712443,1.0,1.0,0.8656035978474306,"Strongest fit: Interests (Social interest, 0.98); Education fit (1.00)."
knn_euclidean,Healthcare,4,29-1051.00,29-1051,Pharmacists,0.9647429829697697,0.44641192929156237,1.0,1.0,0.8701867606529112,"Strongest fit: Interests (Social interest, 0.96); Education fit (1.00)."
knn_euclidean,Healthcare,5,29-1127.00,29-1127,Speech-Language Pathologists,0.9562619298699992,0.46211225096927694,1.0,1.0,0.7648934763300084,"Strongest fit: Interests (Social interest, 0.96); Education fit (1.00)."
knn_manhattan,Healthcare,1,29-1215.00,29-1215,Family Medicine Physicians,0.9805187319884263,0.4843703216081981,1.0,1.0,0.7668604878983276,"Strongest fit: Interests (Social interest, 0.98); Education fit (1.00)."
knn_manhattan,Healthcare,2,29-1229.02,29-1229,Hospitalists,0.977050016458834,0.4737072804045514,1.0,1.0,0.8960350641547551,"Strongest fit: Interests (Social interest, 0.98); Education fit (1.00)."
knn_manhattan,Healthcare,3,29-1127.00,29-1127,Speech-Language Pathologists,0.9562619298699992,0.46211225096927694,1.0,1.0,0.7648934763300084,"Strongest fit: Interests (Social interest, 0.96); Education fit (1.00)."
knn_manhattan,Healthcare,4,29-1141.02,29-1141,Advanced Practice Psychiatric Nurses,0.9638477151899614,0.45341386538101813,1.0,1.0,0.9070549277469862,"Strongest fit: Interests (Social interest, 0.96); Education fit (1.00)."
knn_manhattan,Healthcare,5,25-9044.00,25-9044,"Teaching Assistants, Postsecondary",0.9414490142984248,0.4285105366212536,1.0,1.0,0.5164065935501286,"Strongest fit: Interests (Social interest, 0.94); Education fit (1.00)."
knn_minkowski,Healthcare,1,29-1123.00,29-1123,Physical Therapists,0.9478952431261424,0.460544136624478,1.0,1.0,0.8141446867149369,"Strongest fit: Interests (Social interest, 0.95); Education fit (1.00)."
knn_minkowski,Healthcare,2,29-1051.00,29-1051,Pharmacists,0.9647429829697697,0.44641192929156237,1.0,1.0,0.8701867606529112,"Strongest fit: Interests (Social interest, 0.96); Education fit (1.00)."
knn_minkowski,Healthcare,3,29-1071.00,29-1071,Physician Assistants,0.9691558970344014,0.47420719318146376,1.0,1.0,0.8074783855946779,"Strongest fit: Interests (Social interest, 0.97); Education fit (1.00)."
knn_minkowski,Healthcare,4,29-1229.02,29-1229,Hospitalists,0.977050016458834,0.4737072804045514,1.0,1.0,0.8960350641547551,"Strongest fit: Interests (Social interest, 0.98); Education fit (1.00)."
knn_minkowski,Healthcare,5,29-1122.01,29-1122,"Low Vision Therapists, Orientation and Mobility Specialists, and Vision Rehabilitation Therapists",0.9161372138979215,0.4460627612560737,1.0,1.0,0.7558240930820841,"Strongest fit: Interests (Social interest, 0.92); Education fit (1.00)."
weighted,Healthcare,1,29-1229.02,29-1229,Hospitalists,0.977050016458834,0.4737072804045514,1.0,1.0,0.8960350641547551,"Strongest fit: Interests (Social interest, 0.98); Education fit (1.00)."
weighted,Healthcare,2,29-1141.00,29-1141,Registered Nurses,0.9712638322746908,0.467453233643344,1.0,1.0,0.9070549277469862,"Strongest fit: Interests (Social interest, 0.97); Education fit (1.00)."
weighted,Healthcare,3,29-1171.00,29-1171,Nurse Practitioners,0.9754416939000632,0.473650336712443,1.0,1.0,0.8656035978474306,"Strongest fit: Interests (Social interest, 0.98); Education fit (1.00)."
weighted,Healthcare,4,29-1141.04,29-1141,Clinical Nurse Specialists,0.9784062253910011,0.44180898738032515,1.0,1.0,0.9070549277469862,"Strongest fit: Interests (Social interest, 0.98); Education fit (1.00)."
weighted,Healthcare,5,29-1141.02,29-1141,Advanced Practice Psychiatric Nurses,0.9638477151899614,0.45341386538101813,1.0,1.0,0.9070549277469862,"Strongest fit: Interests (Social interest, 0.96); Education fit (1.00)."
cosine,Skilled Trades,1,47-2073.00,47-2073,Operating Engineers and Other Construction Equipment Operators,0.9647258566259939,0.5103815785407981,1.0,1.0,0.6901898349919283,"Strongest fit: Interests (Realistic interest, 0.96); Skills (Operation and control, 0.51)."
cosine,Skilled Trades,2,53-3032.00,53-3032,Heavy and Tractor-Trailer Truck Drivers,0.9692355130998175,0.4818520822512522,1.0,1.0,0.7256441477985459,"Strongest fit: Interests (Realistic interest, 0.97); Education fit (1.00)."
cosine,Skilled Trades,3,51-4121.00,51-4121,"Welders, Cutters, Solderers, and Brazers",0.9671950179809234,0.43584481619219473,1.0,1.0,0.6423897894210809,"Strongest fit: Interests (Realistic interest, 0.97); Education fit (1.00)."
cosine,Skilled Trades,4,49-9051.00,49-9051,Electrical Power-Line Installers and Repairers,0.9800713136571956,0.45954897551813606,1.0,1.0,0.7093257207764847,"Strongest fit: Interests (Realistic interest, 0.98); Education fit (1.00)."
cosine,Skilled Trades,5,49-9052.00,49-9052,Telecommunications Line Installers and Repairers,0.989039419061863,0.4405738384559768,1.0,1.0,0.6070796391679014,"Strongest fit: Interests (Realistic interest, 0.99); Education fit (1.00)."
knn_cosine,Skilled Trades,1,47-2073.00,47-2073,Operating Engineers and Other Construction Equipment Operators,0.9647258566259939,0.5103815785407981,1.0,1.0,0.6901898349919283,"Strongest fit: Interests (Realistic interest, 0.96); Skills (Operation and control, 0.51)."
knn_cosine,Skilled Trades,2,53-3032.00,53-3032,Heavy and Tractor-Trailer Truck Drivers,0.9692355130998175,0.4818520822512522,1.0,1.0,0.7256441477985459,"Strongest fit: Interests (Realistic interest, 0.97); Education fit (1.00)."
knn_cosine,Skilled Trades,3,51-4121.00,51-4121,"Welders, Cutters, Solderers, and Brazers",0.9671950179809234,0.43584481619219473,1.0,1.0,0.6423897894210809,"Strongest fit: Interests (Realistic interest, 0.97); Education fit (1.00)."
knn_cosine,Skilled Trades,4,49-9051.00,49-9051,Electrical Power-Line Installers and Repairers,0.9800713136571956,0.45954897551813606,1.0,1.0,0.7093257207764847,"Strongest fit: Interests (Realistic interest, 0.98); Education fit (1.00)."
knn_cosine,Skilled Trades,5,49-9052.00,49-9052,Telecommunications Line Installers and Repairers,0.989039419061863,0.4405738384559768,1.0,1.0,0.6070796391679014,"Strongest fit: Interests (Realistic interest, 0.99); Education fit (1.00)."
knn_euclidean,Skilled Trades,1,47-2073.00,47-2073,Operating Engineers and Other Construction Equipment Operators,0.9647258566259939,0.5103815785407981,1.0,1.0,0.6901898349919283,"Strongest fit: Interests (Realistic interest, 0.96); Skills (Operation and control, 0.51)."
knn_euclidean,Skilled Trades,2,51-4121.00,51-4121,"Welders, Cutters, Solderers, and Brazers",0.9671950179809234,0.43584481619219473,1.0,1.0,0.6423897894210809,"Strongest fit: Interests (Realistic interest, 0.97); Education fit (1.00)."
knn_euclidean,Skilled Trades,3,53-3032.00,53-3032,Heavy and Tractor-Trailer Truck Drivers,0.9692355130998175,0.4818520822512522,1.0,1.0,0.7256441477985459,"Strongest fit: Interests (Realistic interest, 0.97); Education fit (1.00)."
knn_euclidean,Skilled Trades,4,49-9051.00,49-9051,Electrical Power-Line Installers and Repairers,0.9800713136571956,0.45954897551813606,1.0,1.0,0.7093257207764847,"Strongest fit: Interests (Realistic interest, 0.98); Education fit (1.00)."
knn_euclidean,Skilled Trades,5,49-9052.00,49-9052,Telecommunications Line Installers and Repairers,0.989039419061863,0.4405738384559768,1.0,1.0,0.6070796391679014,"Strongest fit: Interests (Realistic interest, 0.99); Education fit (1.00)."
knn_manhattan,Skilled Trades,1,53-7081.00,53-7081,Refuse and Recyclable Material Collectors,0.9657187381274269,0.4532037402264919,1.0,1.0,0.5204916426839197,"Strongest fit: Interests (Realistic interest, 0.97); Education fit (1.00)."
knn_manhattan,Skilled Trades,2,35-9021.00,35-9021,Dishwashers,0.9603819481468965,0.4278896278973067,1.0,1.0,0.5083007153462005,"Strongest fit: Interests (Realistic interest, 0.96); Education fit (1.00)."
knn_manhattan,Skilled Trades,3,51-3023.00,51-3023,Slaughterers and Meat Packers,0.9916063004972306,0.3551585525332278,1.0,1.0,0.35877802401515935,"Strongest fit: Interests (Realistic interest, 0.99); Education fit (1.00)."
knn_manhattan,Skilled Trades,4,53-7061.00,53-7061,Cleaners of Vehicles and Equipment,0.9381318539813849,0.49937101135923057,1.0,1.0,0.496799155923412,"Strongest fit: Interests (Realistic interest, 0.94); Education fit (1.00)."
knn_manhattan,Skilled Trades,5,51-4121.00,51-4121,"Welders, Cutters, Solderers, and Brazers",0.9671950179809234,0.43584481619219473,1.0,1.0,0.6423897894210809,"Strongest fit: Interests (Realistic interest, 0.97); Education fit (1.00)."
knn_minkowski,Skilled Trades,1,49-9051.00,49-9051,Electrical Power-Line Installers and Repairers,0.9800713136571956,0.45954897551813606,1.0,1.0,0.7093257207764847,"Strongest fit: Interests (Realistic interest, 0.98); Education fit (1.00)."
knn_minkowski,Skilled Trades,2,49-9052.00,49-9052,Telecommunications Line Installers and Repairers,0.989039419061863,0.4405738384559768,1.0,1.0,0.6070796391679014,"Strongest fit: Interests (Realistic interest, 0.99); Education fit (1.00)."
knn_minkowski,Skilled Trades,3,47-2073.00,47-2073,Operating Engineers and Other Construction Equipment Operators,0.9647258566259939,0.5103815785407981,1.0,1.0,0.6901898349919283,"Strongest fit: Interests (Realistic interest, 0.96); Skills (Operation and control, 0.51)."
knn_minkowski,Skilled Trades,4,53-3032.00,53-3032,Heavy and Tractor-Trailer Truck Drivers,0.9692355130998175,0.4818520822512522,1.0,1.0,0.7256441477985459,"Strongest fit: Interests (Realistic interest, 0.97); Education fit (1.00)."
knn_minkowski,Skilled Trades,5,51-4121.00,51-4121,"Welders, Cutters, Solderers, and Brazers",0.9671950179809234,0.43584481619219473,1.0,1.0,0.6423897894210809,"Strongest fit: Interests (Realistic interest, 0.97); Education fit (1.00)."
weighted,Skilled Trades,1,47-2073.00,47-2073,Operating Engineers and Other Construction Equipment Operators,0.9647258566259939,0.5103815785407981,1.0,1.0,0.6901898349919283,"Strongest fit: Interests (Realistic interest, 0.96); Skills (Operation and control, 0.51)."
weighted,Skilled Trades,2,53-3032.00,53-3032,Heavy and Tractor-Trailer Truck Drivers,0.9692355130998175,0.4818520822512522,1.0,1.0,0.7256441477985459,"Strongest fit: Interests (Realistic interest, 0.97); Education fit (1.00)."
weighted,Skilled Trades,3,49-9051.00,49-9051,Electrical Power-Line Installers and Repairers,0.9800713136571956,0.45954897551813606,1.0,1.0,0.7093257207764847,"Strongest fit: Interests (Realistic interest, 0.98); Education fit (1.00)."
weighted,Skilled Trades,4,49-9052.00,49-9052,Telecommunications Line Installers and Repairers,0.989039419061863,0.4405738384559768,1.0,1.0,0.6070796391679014,"Strongest fit: Interests (Realistic interest, 0.99); Education fit (1.00)."
weighted,Skilled Trades,5,51-4121.00,51-4121,"Welders, Cutters, Solderers, and Brazers",0.9671950179809234,0.43584481619219473,1.0,1.0,0.6423897894210809,"Strongest fit: Interests (Realistic interest, 0.97); Education fit (1.00)."
cosine,Social Services,1,21-1012.00,21-1012,"Educational, Guidance, and Career Counselors and Advisors",0.9930747361294888,0.5265267169343021,0.0,0.0,0.747122847850385,"Strongest fit: Interests (Social interest, 0.99); Skills (Active listening, 0.53)."
cosine,Social Services,2,29-1141.04,29-1141,Clinical Nurse Specialists,0.9712230940065998,0.46211270922684744,0.0,0.0,0.9276981601029511,"Strongest fit: Interests (Social interest, 0.97); Labor-market opportunity (76% wage percentile)."
cosine,Social Services,3,25-9031.00,25-9031,Instructional Coordinators,0.9823617947062596,0.4831218710992147,0.0,0.0,0.7437541711942071,"Strongest fit: Interests (Social interest, 0.98); Skills (Instructing, 0.48)."
cosine,Social Services,4,25-2031.00,25-2031,"Secondary School Teachers, Except Special and Career/Technical Education",0.9482298967087553,0.4909816087585067,1.0,1.0,0.8445927328389373,"Strongest fit: Interests (Social interest, 0.95); Education fit (1.00)."
cosine,Social Services,5,25-1011.00,25-1011,"Business Teachers, Postsecondary",0.9800277550120994,0.4619577332376378,0.0,0.0,0.6460208750971076,"Strongest fit: Interests (Social interest, 0.98); Skills (Instructing, 0.46)."
knn_cosine,Social Services,1,21-1012.00,21-1012,"Educational, Guidance, and Career Counselors and Advisors",0.9930747361294888,0.5265267169343021,0.0,0.0,0.747122847850385,"Strongest fit: Interests (Social interest, 0.99); Skills (Active listening, 0.53)."
knn_cosine,Social Services,2,29-1141.04,29-1141,Clinical Nurse Specialists,0.9712230940065998,0.46211270922684744,0.0,0.0,0.9276981601029511,"Strongest fit: Interests (Social interest, 0.97); Labor-market opportunity (76% wage percentile)."
knn_cosine,Social Services,3,25-9031.00,25-9031,Instructional Coordinators,0.9823617947062596,0.4831218710992147,0.0,0.0,0.7437541711942071,"Strongest fit: Interests (Social interest, 0.98); Skills (Instructing, 0.48)."
knn_cosine,Social Services,4,25-2031.00,25-2031,"Secondary School Teachers, Except Special and Career/Technical Education",0.9482298967087553,0.4909816087585067,1.0,1.0,0.8445927328389373,"Strongest fit: Interests (Social interest, 0.95); Education fit (1.00)."
knn_cosine,Social Services,5,25-1011.00,25-1011,"Business Teachers, Postsecondary",0.9800277550120994,0.4619577332376378,0.0,0.0,0.6460208750971076,"Strongest fit: Interests (Social interest, 0.98); Skills (Instructing, 0.46)."
knn_euclidean,Social Services,1,25-3021.00,25-3021,Self-Enrichment Teachers,0.9400431040571585,0.5147747373840856,1.0,1.0,0.6610849116748655,"Strongest fit: Interests (Social interest, 0.94); Skills (Active listening, 0.51)."
knn_euclidean,Social Services,2,21-1093.00,21-1093,Social and Human Service Assistants,0.9818460025472675,0.5061255194978527,1.0,1.0,0.692861247965328,"Strongest fit: Interests (Social interest, 0.98); Skills (Active listening, 0.51)."
knn_euclidean,Social Services,3,25-2031.00,25-2031,"Secondary School Teachers, Except Special and Career/Technical Education",0.9482298967087553,0.4909816087585067,1.0,1.0,0.8445927328389373,"Strongest fit: Interests (Social interest, 0.95); Education fit (1.00)."
knn_euclidean,Social Services,4,25-3031.00,25-3031,"Substitute Teachers, Short-Term",0.9459835687341953,0.5361361637546738,1.0,1.0,0.6871167399469944,"Strongest fit: Interests (Social interest, 0.95); Skills (Active listening, 0.54)."
knn_euclidean,Social Services,5,25-2021.00,25-2021,"Elementary School Teachers, Except Special Education",0.9448193587617854,0.5213028799671859,1.0,1.0,0.8343769223257552,"Strongest fit: Interests (Social interest, 0.94); Skills (Instructing, 0.52)."
knn_manhattan,Social Services,1,25-3031.00,25-3031,"Substitute Teachers, Short-Term",0.9459835687341953,0.5361361637546738,1.0,1.0,0.6871167399469944,"Strongest fit: Interests (Social interest, 0.95); Skills (Active listening, 0.54)."
knn_manhattan,Social Services,2,21-1015.00,21-1015,Rehabilitation Counselors,0.9907117105681569,0.5154247680313914,1.0,1.0,0.5017294323195167,"Strongest fit: Interests (Social interest, 0.99); Skills (Active listening, 0.52)."
knn_manhattan,Social Services,3,23-2011.00,23-2011,Paralegals and Legal Assistants,0.8477695038596419,0.45765014869198506,1.0,1.0,0.7536356641847349,"Strongest fit: Interests (Conventional interest, 0.85); Education fit (1.00)."
knn_manhattan,Social Services,4,21-1093.00,21-1093,Social and Human Service Assistants,0.9818460025472675,0.5061255194978527,1.0,1.0,0.692861247965328,"Strongest fit: Interests (Social interest, 0.98); Skills (Active listening, 0.51)."
knn_manhattan,Social Services,5,25-3011.00,25-3011,"Adult Basic Education, Adult Secondary Education, and English as a Second Language Instructors",0.9515117951388256,0.5294457175972732,1.0,1.0,0.441567516900917,"Strongest fit: Interests (Social interest, 0.95); Skills (Instructing, 0.53)."
knn_minkowski,Social Services,1,25-2031.00,25-2031,"Secondary School Teachers, Except Special and Career/Technical Education",0.9482298967087553,0.4909816087585067,1.0,1.0,0.8445927328389373,"Strongest fit: Interests (Social interest, 0.95); Education fit (1.00)."
knn_minkowski,Social Services,2,25-3021.00,25-3021,Self-Enrichment Teachers,0.9400431040571585,0.5147747373840856,1.0,1.0,0.6610849116748655,"Strongest fit: Interests (Social interest, 0.94); Skills (Active listening, 0.51)."
knn_minkowski,Social Services,3,25-2021.00,25-2021,"Elementary School Teachers, Except Special Education",0.9448193587617854,0.5213028799671859,1.0,1.0,0.8343769223257552,"Strongest fit: Interests (Social interest, 0.94); Skills (Instructing, 0.52)."
knn_minkowski,Social Services,4,25-2012.00,25-2012,"Kindergarten Teachers, Except Special Education",0.9360614422864888,0.5377778452785701,1.0,1.0,0.5973949356648689,"Strongest fit: Interests (Social interest, 0.94); Skills (Instructing, 0.54)."
knn_minkowski,Social Services,5,21-1092.00,21-1092,Probation Officers and Correctional Treatment Specialists,0.9721362643561972,0.4681830599326261,1.0,1.0,0.5812623269867946,"Strongest fit: Interests (Social interest, 0.97); Education fit (1.00)."
weighted,Social Services,1,25-2021.00,25-2021,"Elementary School Teachers, Except Special Education",0.9448193587617854,0.5213028799671859,1.0,1.0,0.8343769223257552,"Strongest fit: Interests (Social interest, 0.94); Skills (Instructing, 0.52)."
weighted,Social Services,2,13-1151.00,13-1151,Training and Development Specialists,0.9765240051768006,0.4982076010236941,1.0,1.0,0.7956589102928124,"Strongest fit: Interests (Social interest, 0.98); Education fit (1.00)."
weighted,Social Services,3,25-2031.00,25-2031,"Secondary School Teachers, Except Special and Career/Technical Education",0.9482298967087553,0.4909816087585067,1.0,1.0,0.8445927328389373,"Strongest fit: Interests (Social interest, 0.95); Education fit (1.00)."
weighted,Social Services,4,21-1021.00,21-1021,"Child, Family, and School Social Workers",0.9838482339140114,0.493910167510922,1.0,1.0,0.738248039344352,"Strongest fit: Interests (Social interest, 0.98); Education fit (1.00)."
weighted,Social Services,5,29-1141.00,29-1141,Registered Nurses,0.8945365224553289,0.48317666059316555,1.0,1.0,0.9276981601029511,"Strongest fit: Interests (Social interest, 0.89); Education fit (1.00)."
