onet_soc_code,rank,soc_code,occupation_title,occupation_description,knn_similarity,manhattan_distance,interest_score,skill_score,education_score,job_zone_score,labor_market_score,profile_name,weight_interest,weight_skill,weight_education,weight_job_zone,weight_labor_market,model,distance_metric,why
33-3021.06,1,33-3021,Intelligence Analysts,"Gather, analyze, or evaluate information from a variety of sources, such as law enforcement databases, surveillance, intelligence networks or geographic information systems. Use intelligence data to anticipate and prevent organized crime activities, such as terrorism.",0.4071005867338983,1.4563953788984612,0.9939533112194125,0.353528725632389,1.0,1.0,0.7076618043249734,Data and Technology,0.3,0.3,0.15,0.1,0.15,knn_manhattan,manhattan,"Strongest fit: Interests (Investigative interest, 0.99); Education fit (1.00)."
15-2051.01,2,15-2051,Business Intelligence Analysts,Produce financial and market intelligence by querying data repositories and generating periodic reports. Devise methods for identifying data patterns and trends in available information sources.,0.40700888710954924,1.4569488079282233,0.9677676493764161,0.4272236825773014,1.0,1.0,0.8478367876712958,Data and Technology,0.3,0.3,0.15,0.1,0.15,knn_manhattan,manhattan,"Strongest fit: Interests (Investigative interest, 0.97); Education fit (1.00)."
23-2011.00,3,23-2011,Paralegals and Legal Assistants,"Assist lawyers by investigating facts, preparing legal documents, or researching legal precedent. Conduct research to support a legal proceeding, to formulate a defense, or to initiate legal action.",0.40237241062857615,1.4852598577467697,0.9759821510090068,0.28821263976666217,1.0,1.0,0.6467531254973728,Data and Technology,0.3,0.3,0.15,0.1,0.15,knn_manhattan,manhattan,"Strongest fit: Interests (Investigative interest, 0.98); Education fit (1.00)."
15-1252.00,4,15-1252,Software Developers,"Research, design, and develop computer and network software or specialized utility programs. Analyze user needs and develop software solutions, applying principles and techniques of computer science, engineering, and mathematical analysis. Update software or enhance existing software capabilities. May work with computer hardware engineers to integrate hardware and software systems, and develop specifications and performance requirements. May maintain databases within an application area, working individually or coordinating database development as part of a team.",0.3955655035775196,1.5280263090586421,0.9508267517885809,0.459391959251038,1.0,1.0,0.9511152279679225,Data and Technology,0.3,0.3,0.15,0.1,0.15,knn_manhattan,manhattan,"Strongest fit: Interests (Investigative interest, 0.95); Education fit (1.00)."
15-1243.01,5,15-1243,Data Warehousing Specialists,"Design, model, or implement corporate data warehousing activities. Program and configure warehouses of database information and provide support to warehouse users.",0.39312881002826383,1.5436955381827786,0.9493776776990556,0.48224056535814785,1.0,1.0,0.7627195032100356,Data and Technology,0.3,0.3,0.15,0.1,0.15,knn_manhattan,manhattan,"Strongest fit: Interests (Conventional interest, 0.95); Education fit (1.00)."
15-1299.03,6,15-1299,Document Management Specialists,"Implement and administer enterprise-wide document management systems and related procedures that allow organizations to capture, store, retrieve, share, and destroy electronic records and documents.",0.39246826063680196,1.5479767418069514,0.9064214254706894,0.3976711083628962,1.0,1.0,0.8772334311026355,Data and Technology,0.3,0.3,0.15,0.1,0.15,knn_manhattan,manhattan,"Strongest fit: Interests (Conventional interest, 0.91); Education fit (1.00)."
15-1243.00,7,15-1243,Database Architects,"Design strategies for enterprise databases, data warehouse systems, and multidimensional networks. Set standards for database operations, programming, query processes, and security. Model, design, and construct large relational databases or data warehouses. Create and optimize data models for warehouse infrastructure and workflow. Integrate new systems with existing warehouse structure and refine system performance and functionality.",0.39082999816185177,1.5586572287265337,0.9731805024357021,0.45624297570643657,1.0,1.0,0.7627195032100356,Data and Technology,0.3,0.3,0.15,0.1,0.15,knn_manhattan,manhattan,"Strongest fit: Interests (Investigative interest, 0.97); Education fit (1.00)."
13-2041.00,8,13-2041,Credit Analysts,Analyze credit data and financial statements of individuals or firms to determine the degree of risk involved in extending credit or lending money. Prepare reports with credit information for use in decisionmaking.,0.3903843483716474,1.5615781067328962,0.8745887901549827,0.4114918553350302,1.0,1.0,0.6314687503477074,Data and Technology,0.3,0.3,0.15,0.1,0.15,knn_manhattan,manhattan,"Strongest fit: Interests (Conventional interest, 0.87); Education fit (1.00)."
15-1251.00,9,15-1251,Computer Programmers,"Create, modify, and test the code and scripts that allow computer applications to run. Work from specifications drawn up by software and web developers or other individuals. May develop and write computer programs to store, locate, and retrieve specific documents, data, and information.",0.38913542269794194,1.569799462271592,0.9450175814901981,0.49898101603289385,1.0,1.0,0.7094074773923607,Data and Technology,0.3,0.3,0.15,0.1,0.15,knn_manhattan,manhattan,"Strongest fit: Interests (Investigative interest, 0.95); Education fit (1.00)."
15-2051.02,10,15-2051,Clinical Data Managers,"Apply knowledge of health care and database management to analyze clinical data, and to identify and report trends.",0.38611021036897314,1.5899340995007198,0.9532707621903183,0.4486160078144451,1.0,1.0,0.8478367876712958,Data and Technology,0.3,0.3,0.15,0.1,0.15,knn_manhattan,manhattan,"Strongest fit: Interests (Investigative interest, 0.95); Education fit (1.00)."
29-1215.00,1,29-1215,Family Medicine Physicians,"Diagnose, treat, and provide preventive care to individuals and families across the lifespan. May refer patients to specialists when needed for further diagnosis or treatment.",0.40351880257431905,1.478199265115589,0.9805187319884263,0.4843703216081981,1.0,1.0,0.7668604878983276,Healthcare,0.3,0.3,0.15,0.1,0.15,knn_manhattan,manhattan,"Strongest fit: Interests (Social interest, 0.98); Education fit (1.00)."
29-1229.02,2,29-1229,Hospitalists,"Provide inpatient care predominantly in settings such as medical wards, acute care units, intensive care units, rehabilitation centers, or emergency rooms. Manage and coordinate patient care throughout treatment.",0.40196498615213594,1.4877788724153187,0.977050016458834,0.4737072804045514,1.0,1.0,0.8960350641547551,Healthcare,0.3,0.3,0.15,0.1,0.15,knn_manhattan,manhattan,"Strongest fit: Interests (Social interest, 0.98); Education fit (1.00)."
29-1127.00,3,29-1127,Speech-Language Pathologists,"Assess and treat persons with speech, language, voice, and fluency disorders. May select alternative communication systems and teach their use. May perform research related to speech and language problems.",0.3971148756575182,1.5181630336669258,0.9562619298699992,0.46211225096927694,1.0,1.0,0.7648934763300084,Healthcare,0.3,0.3,0.15,0.1,0.15,knn_manhattan,manhattan,"Strongest fit: Interests (Social interest, 0.96); Education fit (1.00)."
29-1141.02,4,29-1141,Advanced Practice Psychiatric Nurses,"Assess, diagnose, and treat individuals and families with mental health or substance use disorders or the potential for such disorders. Apply therapeutic activities, including the prescription of medication, per state regulations, and the administration of psychotherapy.",0.39705577194910774,1.5185378746444065,0.9638477151899614,0.45341386538101813,1.0,1.0,0.9070549277469862,Healthcare,0.3,0.3,0.15,0.1,0.15,knn_manhattan,manhattan,"Strongest fit: Interests (Social interest, 0.96); Education fit (1.00)."
25-9044.00,5,25-9044,"Teaching Assistants, Postsecondary","Assist faculty or other instructional staff in postsecondary institutions by performing instructional support activities, such as developing teaching materials, leading discussion groups, preparing and giving examinations, and grading examinations or papers.",0.3953080241246476,1.529672910673532,0.9414490142984248,0.4285105366212536,1.0,1.0,0.5164065935501286,Healthcare,0.3,0.3,0.15,0.1,0.15,knn_manhattan,manhattan,"Strongest fit: Interests (Social interest, 0.94); Education fit (1.00)."
19-3033.00,6,19-3033,Clinical and Counseling Psychologists,"Assess, diagnose, and treat mental and emotional disorders of individuals through observation, interview, and psychological tests. Help individuals with distress or maladjustment understand their problems through their knowledge of case history, interviews with patients, and theory. Provide individual or group counseling services to assist individuals in achieving more effective personal, social, educational, and vocational development and adjustment. May design behavior modification programs and consult with medical personnel regarding the best treatment for patients.",0.3950863872194175,1.531092015186628,0.9499990425975237,0.4518692373307316,1.0,1.0,0.6589249289225397,Healthcare,0.3,0.3,0.15,0.1,0.15,knn_manhattan,manhattan,"Strongest fit: Interests (Social interest, 0.95); Education fit (1.00)."
29-1171.00,7,29-1171,Nurse Practitioners,"Diagnose and treat acute, episodic, or chronic illness, independently or as part of a healthcare team. May focus on health promotion and disease prevention. May order, perform, or interpret diagnostic tests such as lab work and x rays. May prescribe medication. Must be registered nurses who have specialized graduate education.",0.394165726878291,1.5370039346642033,0.9754416939000632,0.473650336712443,1.0,1.0,0.8656035978474306,Healthcare,0.3,0.3,0.15,0.1,0.15,knn_manhattan,manhattan,"Strongest fit: Interests (Social interest, 0.98); Education fit (1.00)."
29-1221.00,8,29-1221,"Pediatricians, General","Diagnose, treat, and help prevent diseases and injuries in children. May refer patients to specialists for further diagnosis or treatment, as needed.",0.3940304013193976,1.5378752417365094,0.9811555055113634,0.48989125342192197,1.0,1.0,0.6441895536814424,Healthcare,0.3,0.3,0.15,0.1,0.15,knn_manhattan,manhattan,"Strongest fit: Interests (Social interest, 0.98); Education fit (1.00)."
21-1022.00,9,21-1022,Healthcare Social Workers,"Provide individuals, families, and groups with the psychosocial support needed to cope with chronic, acute, or terminal illnesses. Services include advising family caregivers. Provide patients with information and counseling, and make referrals for other services. May also provide case and care management or interventions designed to promote health, prevent disease, and address barriers to access to healthcare.",0.39386630630281727,1.5389325870163857,0.9703833977771176,0.4691660429747207,1.0,1.0,0.6759745394659502,Healthcare,0.3,0.3,0.15,0.1,0.15,knn_manhattan,manhattan,"Strongest fit: Interests (Social interest, 0.97); Education fit (1.00)."
29-1141.04,10,29-1141,Clinical Nurse Specialists,"Direct nursing staff in the provision of patient care in a clinical practice setting, such as a hospital, hospice, clinic, or home. Ensure adherence to established clinical policies, protocols, regulations, and standards.",0.3911659545648415,1.5564597029219098,0.9784062253910011,0.44180898738032515,1.0,1.0,0.9070549277469862,Healthcare,0.3,0.3,0.15,0.1,0.15,knn_manhattan,manhattan,"Strongest fit: Interests (Social interest, 0.98); Education fit (1.00)."
41-4012.00,1,41-4012,"Sales Representatives, Wholesale and Manufacturing, Except Technical and Scientific Products",Sell goods for wholesalers or manufacturers to businesses or groups of individuals. Work requires substantial knowledge of items sold.,0.39795907910380823,1.5128211731014398,0.9745306927482427,0.43282725492274454,1.0,1.0,0.7419343953953126,Business,0.3,0.3,0.15,0.1,0.15,knn_manhattan,manhattan,"Strongest fit: Interests (Enterprising interest, 0.97); Education fit (1.00)."
13-2052.00,2,13-2052,Personal Financial Advisors,"Advise clients on financial plans using knowledge of tax and investment strategies, securities, insurance, pension plans, and real estate. Duties include assessing clients' assets, liabilities, cash flow, insurance coverage, tax status, and financial objectives. May also buy and sell financial assets for clients.",0.3954447072940699,1.5287985439045373,0.9746457184155848,0.39516686444394833,1.0,1.0,0.8200493345543611,Business,0.3,0.3,0.15,0.1,0.15,knn_manhattan,manhattan,"Strongest fit: Interests (Enterprising interest, 0.97); Education fit (1.00)."
13-1071.00,3,13-1071,Human Resources Specialists,"Recruit, screen, interview, or place individuals within an organization. May perform other activities in multiple human resources areas.",0.39489917162911564,1.5322919667686399,0.9625030310155089,0.3442352962603308,1.0,1.0,0.7581235356978895,Business,0.3,0.3,0.15,0.1,0.15,knn_manhattan,manhattan,"Strongest fit: Interests (Enterprising interest, 0.96); Education fit (1.00)."
11-3031.00,4,11-3031,Financial Managers,"Plan, direct, or coordinate accounting, investing, banking, insurance, securities, and other financial activities of a branch, office, or department of an establishment.",0.3931649818248282,1.543461514193405,0.9674067849652171,0.3967239612087889,1.0,1.0,0.9520062057625351,Business,0.3,0.3,0.15,0.1,0.15,knn_manhattan,manhattan,"Strongest fit: Interests (Enterprising interest, 0.97); Education fit (1.00)."
23-2011.00,5,23-2011,Paralegals and Legal Assistants,"Assist lawyers by investigating facts, preparing legal documents, or researching legal precedent. Conduct research to support a legal proceeding, to formulate a defense, or to initiate legal action.",0.39162448245417747,1.5534665088692614,0.9303415686144079,0.3096034216243441,1.0,1.0,0.6467531254973728,Business,0.3,0.3,0.15,0.1,0.15,knn_manhattan,manhattan,"Strongest fit: Interests (Conventional interest, 0.93); Education fit (1.00)."
11-9199.02,6,11-9199,Compliance Managers,"Plan, direct, or coordinate activities of an organization to ensure compliance with ethical or regulatory standards.",0.38991950388548974,1.5646319048807482,0.9629038621178201,0.36989945754377235,1.0,1.0,0.9309088868473923,Business,0.3,0.3,0.15,0.1,0.15,knn_manhattan,manhattan,"Strongest fit: Interests (Enterprising interest, 0.96); Education fit (1.00)."
11-2033.00,7,11-2033,Fundraising Managers,"Plan, direct, or coordinate activities to solicit and maintain funds for special projects or nonprofit organizations.",0.38941433221600674,1.567958899482168,0.9686604020429498,0.4407985487156705,1.0,1.0,0.6992155960662005,Business,0.3,0.3,0.15,0.1,0.15,knn_manhattan,manhattan,"Strongest fit: Interests (Enterprising interest, 0.97); Education fit (1.00)."
13-1075.00,8,13-1075,Labor Relations Specialists,"Resolve disputes between workers and managers, negotiate collective bargaining agreements, or coordinate grievance procedures to handle employee complaints.",0.3890364145466775,1.5704534655586018,0.9877824540042881,0.41772661589854543,1.0,1.0,0.6579632153280593,Business,0.3,0.3,0.15,0.1,0.15,knn_manhattan,manhattan,"Strongest fit: Interests (Enterprising interest, 0.99); Education fit (1.00)."
11-9199.10,9,11-9199,Wind Energy Development Managers,"Lead or manage the development and evaluation of potential wind energy business opportunities, including environmental studies, permitting, and proposals. May also manage construction of projects.",0.38847055182032664,1.574197697390753,0.9719031400952605,0.41089014567628057,1.0,1.0,0.9309088868473923,Business,0.3,0.3,0.15,0.1,0.15,knn_manhattan,manhattan,"Strongest fit: Interests (Enterprising interest, 0.97); Education fit (1.00)."
13-1141.00,10,13-1141,"Compensation, Benefits, and Job Analysis Specialists","Conduct programs of compensation and benefits and job analysis for employer. May specialize in specific areas, such as position classification and pension programs.",0.38617627878752014,1.5894910043146764,0.9714662579252865,0.35089477543300457,1.0,1.0,0.6446871987038916,Business,0.3,0.3,0.15,0.1,0.15,knn_manhattan,manhattan,"Strongest fit: Interests (Enterprising interest, 0.97); Education fit (1.00)."
53-7081.00,1,53-7081,Refuse and Recyclable Material Collectors,Collect and dump refuse or recyclable materials from containers into truck. May drive truck.,0.4543422827102377,1.200983791415606,0.9657187381274269,0.4532037402264919,1.0,1.0,0.5204916426839197,Skilled Trades,0.3,0.3,0.15,0.1,0.15,knn_manhattan,manhattan,"Strongest fit: Interests (Realistic interest, 0.97); Education fit (1.00)."
35-9021.00,2,35-9021,Dishwashers,"Clean dishes, kitchen, food preparation equipment, or utensils.",0.4540192137837798,1.2025499574479153,0.9603819481468965,0.4278896278973067,1.0,1.0,0.5083007153462005,Skilled Trades,0.3,0.3,0.15,0.1,0.15,knn_manhattan,manhattan,"Strongest fit: Interests (Realistic interest, 0.96); Education fit (1.00)."
51-3023.00,3,51-3023,Slaughterers and Meat Packers,"Perform nonroutine or precision functions involving the preparation of large portions of meat. Work may include specialized slaughtering tasks, cutting standard or premium cuts of meat for marketing, making sausage, or wrapping meats. Work typically occurs in slaughtering, meat packing, or wholesale establishments.",0.4528691915800398,1.2081431428599638,0.9916063004972306,0.3551585525332278,1.0,1.0,0.35877802401515935,Skilled Trades,0.3,0.3,0.15,0.1,0.15,knn_manhattan,manhattan,"Strongest fit: Interests (Realistic interest, 0.99); Education fit (1.00)."
53-7061.00,4,53-7061,Cleaners of Vehicles and Equipment,"Wash or otherwise clean vehicles, machinery, and other equipment. Use such materials as water, cleaning agents, brushes, cloths, and hoses.",0.44508907664067626,1.246741276032949,0.9381318539813849,0.49937101135923057,1.0,1.0,0.496799155923412,Skilled Trades,0.3,0.3,0.15,0.1,0.15,knn_manhattan,manhattan,"Strongest fit: Interests (Realistic interest, 0.94); Education fit (1.00)."
51-4121.00,5,51-4121,"Welders, Cutters, Solderers, and Brazers","Use hand-welding, flame-cutting, hand-soldering, or brazing equipment to weld or join metal components or to fill holes, indentations, or seams of fabricated metal products.",0.442317744058007,1.2608181865497505,0.9671950179809234,0.43584481619219473,1.0,1.0,0.6423897894210809,Skilled Trades,0.3,0.3,0.15,0.1,0.15,knn_manhattan,manhattan,"Strongest fit: Interests (Realistic interest, 0.97); Education fit (1.00)."
53-3032.00,6,53-3032,Heavy and Tractor-Trailer Truck Drivers,"Drive a tractor-trailer combination or a truck with a capacity of at least 26,001 pounds Gross Vehicle Weight (GVW). May be required to unload truck. Requires commercial drivers' license. Includes tow truck drivers.",0.44107390618097864,1.2671937423332553,0.9692355130998175,0.4818520822512522,1.0,1.0,0.7256441477985459,Skilled Trades,0.3,0.3,0.15,0.1,0.15,knn_manhattan,manhattan,"Strongest fit: Interests (Realistic interest, 0.97); Education fit (1.00)."
47-2073.00,7,47-2073,Operating Engineers and Other Construction Equipment Operators,"Operate one or several types of power construction equipment, such as motor graders, bulldozers, scrapers, compressors, pumps, derricks, shovels, tractors, or front-end loaders to excavate, move, and grade earth, erect structures, or pour concrete or other hard surface pavement. May repair and maintain equipment in addition to other duties.",0.43609002276261855,1.293104514671138,0.9647258566259939,0.5103815785407981,1.0,1.0,0.6901898349919283,Skilled Trades,0.3,0.3,0.15,0.1,0.15,knn_manhattan,manhattan,"Strongest fit: Interests (Realistic interest, 0.96); Skills (Operation and control, 0.51)."
51-9198.00,8,51-9198,Helpers--Production Workers,"Help production workers by performing duties requiring less skill. Duties include supplying or holding materials or tools, and cleaning work area and equipment.",0.43154633043699514,1.3172482986644187,0.9732278203914906,0.41455523568983355,1.0,1.0,0.4528590869092177,Skilled Trades,0.3,0.3,0.15,0.1,0.15,knn_manhattan,manhattan,"Strongest fit: Interests (Realistic interest, 0.97); Education fit (1.00)."
47-2061.00,9,47-2061,Construction Laborers,"Perform tasks involving physical labor at construction sites. May operate hand and power tools of all types: air hammers, earth tampers, cement mixers, small mechanical hoists, surveying and measuring equipment, and a variety of other equipment and instruments. May clean and prepare sites, dig trenches, set braces to support the sides of excavations, erect scaffolding, and clean up rubble, debris, and other waste materials. May assist other craft workers.",0.4313506521007625,1.3182994974733508,0.9682950866147183,0.38520783284049764,1.0,1.0,0.6342204168039356,Skilled Trades,0.3,0.3,0.15,0.1,0.15,knn_manhattan,manhattan,"Strongest fit: Interests (Realistic interest, 0.97); Education fit (1.00)."
53-7051.00,10,53-7051,Industrial Truck and Tractor Operators,"Operate industrial trucks or tractors equipped to move materials around a warehouse, storage yard, factory, construction site, or similar location.",0.4307340400464876,1.3216182308044975,0.9598258192788924,0.4510952758142074,1.0,1.0,0.6134917283106712,Skilled Trades,0.3,0.3,0.15,0.1,0.15,knn_manhattan,manhattan,"Strongest fit: Interests (Realistic interest, 0.96); Education fit (1.00)."
27-3043.05,1,27-3043,"Poets, Lyricists and Creative Writers","Create original written works, such as scripts, essays, prose, poetry or song lyrics, for publication or performance.",0.41860045146109626,1.3889128559454926,0.9568527702775596,0.5276284548133622,1.0,1.0,0.5647859621471706,Creative Careers,0.3,0.3,0.15,0.1,0.15,knn_manhattan,manhattan,"Strongest fit: Interests (Artistic interest, 0.96); Skills (Writing, 0.53)."
27-3043.00,2,27-3043,Writers and Authors,"Originate and prepare written material, such as scripts, stories, advertisements, and other material.",0.4022252009147863,1.4861694337542408,0.9547223750930673,0.477423349870971,1.0,1.0,0.5647859621471706,Creative Careers,0.3,0.3,0.15,0.1,0.15,knn_manhattan,manhattan,"Strongest fit: Interests (Artistic interest, 0.95); Education fit (1.00)."
27-1024.00,3,27-1024,Graphic Designers,"Design or create graphics to meet specific commercial or promotional needs, such as packaging, displays, or logos. May use a variety of mediums to achieve artistic or decorative effects.",0.3866256821790445,1.5864810489669043,0.9454931158708298,0.4318080720537192,1.0,1.0,0.591483113388686,Creative Careers,0.3,0.3,0.15,0.1,0.15,knn_manhattan,manhattan,"Strongest fit: Interests (Artistic interest, 0.95); Education fit (1.00)."
27-3091.00,4,27-3091,Interpreters and Translators,"Interpret oral or sign language, or translate written text from one language into another.",0.38646998870786836,1.587523039870238,0.8387600817680361,0.4653786568738878,1.0,1.0,0.4554425959708985,Creative Careers,0.3,0.3,0.15,0.1,0.15,knn_manhattan,manhattan,"Strongest fit: Interests (Artistic interest, 0.84); Education fit (1.00)."
27-2012.04,5,27-2012,Talent Directors,"Audition and interview performers to select most appropriate talent for parts in stage, television, radio, or motion picture productions.",0.385388268724077,1.5947857813906656,0.9243134412811272,0.3754044906596217,1.0,1.0,0.7141239512537063,Creative Careers,0.3,0.3,0.15,0.1,0.15,knn_manhattan,manhattan,"Strongest fit: Interests (Artistic interest, 0.92); Education fit (1.00)."
27-1011.00,6,27-1011,Art Directors,"Formulate design concepts and presentation approaches for visual productions and media, such as print, broadcasting, video, and film. Direct workers engaged in artwork or layout design.",0.3850490827072748,1.5970715031159504,0.9707017424898963,0.36951736007865216,1.0,1.0,0.7144297040652389,Creative Careers,0.3,0.3,0.15,0.1,0.15,knn_manhattan,manhattan,"Strongest fit: Interests (Artistic interest, 0.97); Education fit (1.00)."
27-3041.00,7,27-3041,Editors,"Plan, coordinate, revise, or edit written material. May review proposals and drafts for possible publication.",0.38269155626273943,1.613070457487291,0.8980517339127209,0.4127493320810033,1.0,1.0,0.6202702467356616,Creative Careers,0.3,0.3,0.15,0.1,0.15,knn_manhattan,manhattan,"Strongest fit: Interests (Artistic interest, 0.90); Education fit (1.00)."
27-3092.00,8,27-3092,Court Reporters and Simultaneous Captioners,"Use verbatim methods and equipment to capture, store, retrieve, and transcribe pretrial and trial proceedings or other information. Includes stenocaptioners who operate computerized stenographic captioning equipment to provide captions of live or prerecorded broadcasts for hearing-impaired viewers.",0.38174964084521157,1.6195178541254243,0.7161152944005945,0.4324304826019366,1.0,1.0,0.4171574240570535,Creative Careers,0.3,0.3,0.15,0.1,0.15,knn_manhattan,manhattan,"Strongest fit: Interests (Artistic interest, 0.72); Education fit (1.00)."
41-9012.00,9,41-9012,Models,"Model garments or other apparel and accessories for prospective buyers at fashion shows, private showings, or retail establishments. May pose for photos to be used in magazines or advertisements. May pose as subject for paintings, sculptures, and other types of artistic expression.",0.38135549310309375,1.6222252415010185,0.9128636687675376,0.39488367601561225,1.0,1.0,0.1783169118639492,Creative Careers,0.3,0.3,0.15,0.1,0.15,knn_manhattan,manhattan,"Strongest fit: Interests (Artistic interest, 0.91); Education fit (1.00)."
23-2011.00,10,23-2011,Paralegals and Legal Assistants,"Assist lawyers by investigating facts, preparing legal documents, or researching legal precedent. Conduct research to support a legal proceeding, to formulate a defense, or to initiate legal action.",0.38071074986815784,1.626666045931998,0.6575913286499825,0.46384221712447193,1.0,1.0,0.6291489426547486,Creative Careers,0.3,0.3,0.15,0.1,0.15,knn_manhattan,manhattan,"Strongest fit: Interests (Enterprising interest, 0.66); Education fit (1.00)."
25-3031.00,1,25-3031,"Substitute Teachers, Short-Term","Teach students on a short-term basis as a temporary replacement for a regular classroom teacher, typically using the regular teacher's lesson plan.",0.4192595078919652,1.3851575961341827,0.9459835687341953,0.5361361637546738,1.0,1.0,0.6871167399469944,Social Services,0.3,0.3,0.15,0.1,0.15,knn_manhattan,manhattan,"Strongest fit: Interests (Social interest, 0.95); Skills (Active listening, 0.54)."
21-1015.00,2,21-1015,Rehabilitation Counselors,"Counsel individuals to maximize the independence and employability of persons coping with personal, social, and vocational difficulties that result from birth defects, illness, disease, accidents, aging, or the stress of daily life. Coordinate activities for residents of care and treatment facilities. Assess client needs and design and implement rehabilitation programs that may include personal and vocational counseling, training, and job placement.",0.4131163894888972,1.420625338145476,0.9907117105681569,0.5154247680313914,1.0,1.0,0.5017294323195167,Social Services,0.3,0.3,0.15,0.1,0.15,knn_manhattan,manhattan,"Strongest fit: Interests (Social interest, 0.99); Skills (Active listening, 0.52)."
23-2011.00,3,23-2011,Paralegals and Legal Assistants,"Assist lawyers by investigating facts, preparing legal documents, or researching legal precedent. Conduct research to support a legal proceeding, to formulate a defense, or to initiate legal action.",0.4103953112212544,1.4366750122563536,0.8477695038596419,0.45765014869198506,1.0,1.0,0.7536356641847349,Social Services,0.3,0.3,0.15,0.1,0.15,knn_manhattan,manhattan,"Strongest fit: Interests (Conventional interest, 0.85); Education fit (1.00)."
21-1093.00,4,21-1093,Social and Human Service Assistants,"Assist other social and human service providers in providing client services in a wide variety of fields, such as psychology, rehabilitation, or social work, including support for families. May assist clients in identifying and obtaining available benefits and social and community services. May assist social workers with developing, organizing, and conducting programs to prevent and resolve problems relevant to substance abuse, human relationships, rehabilitation, or dependent care.",0.40961453503446815,1.4413196175176064,0.9818460025472675,0.5061255194978527,1.0,1.0,0.692861247965328,Social Services,0.3,0.3,0.15,0.1,0.15,knn_manhattan,manhattan,"Strongest fit: Interests (Social interest, 0.98); Skills (Active listening, 0.51)."
25-3011.00,5,25-3011,"Adult Basic Education, Adult Secondary Education, and English as a Second Language Instructors","Teach or instruct out-of-school youths and adults in basic education, literacy, or English as a Second Language classes, or in classes for earning a high school equivalency credential.",0.4090054704341654,1.4449550734333334,0.9515117951388256,0.5294457175972732,1.0,1.0,0.441567516900917,Social Services,0.3,0.3,0.15,0.1,0.15,knn_manhattan,manhattan,"Strongest fit: Interests (Social interest, 0.95); Skills (Instructing, 0.53)."
25-2021.00,6,25-2021,"Elementary School Teachers, Except Special Education",Teach academic and social skills to students at the elementary school level.,0.40803844925053495,1.4507494375511696,0.9448193587617854,0.5213028799671859,1.0,1.0,0.8343769223257552,Social Services,0.3,0.3,0.15,0.1,0.15,knn_manhattan,manhattan,"Strongest fit: Interests (Social interest, 0.94); Skills (Instructing, 0.52)."
21-1012.00,7,21-1012,"Educational, Guidance, and Career Counselors and Advisors",Advise and assist students and provide educational and vocational guidance services.,0.40696908834253404,1.4571890805582,0.9930747361294888,0.5265267169343021,0.0,0.0,0.747122847850385,Social Services,0.3,0.3,0.15,0.1,0.15,knn_manhattan,manhattan,"Strongest fit: Interests (Social interest, 0.99); Skills (Active listening, 0.53)."
25-3021.00,8,25-3021,Self-Enrichment Teachers,"Teach or instruct individuals or groups for the primary purpose of self-enrichment or recreation, rather than for an occupational objective, educational attainment, competition, or fitness.",0.40676777682577514,1.4584051563856184,0.9400431040571585,0.5147747373840856,1.0,1.0,0.6610849116748655,Social Services,0.3,0.3,0.15,0.1,0.15,knn_manhattan,manhattan,"Strongest fit: Interests (Social interest, 0.94); Skills (Active listening, 0.51)."
25-2031.00,9,25-2031,"Secondary School Teachers, Except Special and Career/Technical Education",Teach one or more subjects to students at the secondary school level.,0.4061848652229404,1.4619331876167658,0.9482298967087553,0.4909816087585067,1.0,1.0,0.8445927328389373,Social Services,0.3,0.3,0.15,0.1,0.15,knn_manhattan,manhattan,"Strongest fit: Interests (Social interest, 0.95); Education fit (1.00)."
25-2012.00,10,25-2012,"Kindergarten Teachers, Except Special Education",Teach academic and social skills to kindergarten students.,0.40502014505689815,1.469012991587166,0.9360614422864888,0.5377778452785701,1.0,1.0,0.5973949356648689,Social Services,0.3,0.3,0.15,0.1,0.15,knn_manhattan,manhattan,"Strongest fit: Interests (Social interest, 0.94); Skills (Instructing, 0.54)."
