feature,role,reason
onet_soc_code,display_only,"Retained to identify and explain recommendations, but not used as a model input."
soc_code,display_only,"Retained to identify and explain recommendations, but not used as a model input."
occupation_title,display_only,"Retained to identify and explain recommendations, but not used as a model input."
occupation_description,display_only,"Retained to identify and explain recommendations, but not used as a model input."
essential_skill_active_learning_im,modeling,Questionnaire-compatible or labor-market feature used by recommendation models.
essential_skill_active_learning_lv,excluded,"Identifier, description, duplicate, intermediate, aggregate, or non-questionnaire feature."
essential_skill_active_listening_im,modeling,Questionnaire-compatible or labor-market feature used by recommendation models.
essential_skill_active_listening_lv,excluded,"Identifier, description, duplicate, intermediate, aggregate, or non-questionnaire feature."
essential_skill_critical_thinking_im,modeling,Questionnaire-compatible or labor-market feature used by recommendation models.
essential_skill_critical_thinking_lv,excluded,"Identifier, description, duplicate, intermediate, aggregate, or non-questionnaire feature."
essential_skill_learning_strategies_im,excluded,"Identifier, description, duplicate, intermediate, aggregate, or non-questionnaire feature."
essential_skill_learning_strategies_lv,excluded,"Identifier, description, duplicate, intermediate, aggregate, or non-questionnaire feature."
essential_skill_mathematics_im,modeling,Questionnaire-compatible or labor-market feature used by recommendation models.
essential_skill_mathematics_lv,excluded,"Identifier, description, duplicate, intermediate, aggregate, or non-questionnaire feature."
essential_skill_monitoring_im,excluded,"Identifier, description, duplicate, intermediate, aggregate, or non-questionnaire feature."
essential_skill_monitoring_lv,excluded,"Identifier, description, duplicate, intermediate, aggregate, or non-questionnaire feature."
essential_skill_reading_comprehension_im,modeling,Questionnaire-compatible or labor-market feature used by recommendation models.
essential_skill_reading_comprehension_lv,excluded,"Identifier, description, duplicate, intermediate, aggregate, or non-questionnaire feature."
essential_skill_science_im,modeling,Questionnaire-compatible or labor-market feature used by recommendation models.
essential_skill_science_lv,excluded,"Identifier, description, duplicate, intermediate, aggregate, or non-questionnaire feature."
essential_skill_speaking_im,modeling,Questionnaire-compatible or labor-market feature used by recommendation models.
essential_skill_speaking_lv,excluded,"Identifier, description, duplicate, intermediate, aggregate, or non-questionnaire feature."
essential_skill_writing_im,modeling,Questionnaire-compatible or labor-market feature used by recommendation models.
essential_skill_writing_lv,excluded,"Identifier, description, duplicate, intermediate, aggregate, or non-questionnaire feature."
transferable_skill_complex_problem_solving_im,modeling,Questionnaire-compatible or labor-market feature used by recommendation models.
transferable_skill_complex_problem_solving_lv,excluded,"Identifier, description, duplicate, intermediate, aggregate, or non-questionnaire feature."
transferable_skill_coordination_im,modeling,Questionnaire-compatible or labor-market feature used by recommendation models.
transferable_skill_coordination_lv,excluded,"Identifier, description, duplicate, intermediate, aggregate, or non-questionnaire feature."
transferable_skill_equipment_maintenance_im,excluded,"Identifier, description, duplicate, intermediate, aggregate, or non-questionnaire feature."
transferable_skill_equipment_maintenance_lv,excluded,"Identifier, description, duplicate, intermediate, aggregate, or non-questionnaire feature."
transferable_skill_equipment_selection_im,excluded,"Identifier, description, duplicate, intermediate, aggregate, or non-questionnaire feature."
transferable_skill_equipment_selection_lv,excluded,"Identifier, description, duplicate, intermediate, aggregate, or non-questionnaire feature."
transferable_skill_installation_im,excluded,"Identifier, description, duplicate, intermediate, aggregate, or non-questionnaire feature."
transferable_skill_installation_lv,excluded,"Identifier, description, duplicate, intermediate, aggregate, or non-questionnaire feature."
transferable_skill_instructing_im,modeling,Questionnaire-compatible or labor-market feature used by recommendation models.
transferable_skill_instructing_lv,excluded,"Identifier, description, duplicate, intermediate, aggregate, or non-questionnaire feature."
transferable_skill_judgment_and_decision_making_im,modeling,Questionnaire-compatible or labor-market feature used by recommendation models.
transferable_skill_judgment_and_decision_making_lv,excluded,"Identifier, description, duplicate, intermediate, aggregate, or non-questionnaire feature."
transferable_skill_management_of_financial_resources_im,modeling,Questionnaire-compatible or labor-market feature used by recommendation models.
transferable_skill_management_of_financial_resources_lv,excluded,"Identifier, description, duplicate, intermediate, aggregate, or non-questionnaire feature."
transferable_skill_management_of_material_resources_im,modeling,Questionnaire-compatible or labor-market feature used by recommendation models.
transferable_skill_management_of_material_resources_lv,excluded,"Identifier, description, duplicate, intermediate, aggregate, or non-questionnaire feature."
transferable_skill_management_of_personnel_resources_im,modeling,Questionnaire-compatible or labor-market feature used by recommendation models.
transferable_skill_management_of_personnel_resources_lv,excluded,"Identifier, description, duplicate, intermediate, aggregate, or non-questionnaire feature."
transferable_skill_negotiation_im,modeling,Questionnaire-compatible or labor-market feature used by recommendation models.
transferable_skill_negotiation_lv,excluded,"Identifier, description, duplicate, intermediate, aggregate, or non-questionnaire feature."
transferable_skill_operation_and_control_im,modeling,Questionnaire-compatible or labor-market feature used by recommendation models.
transferable_skill_operation_and_control_lv,excluded,"Identifier, description, duplicate, intermediate, aggregate, or non-questionnaire feature."
transferable_skill_operations_analysis_im,modeling,Questionnaire-compatible or labor-market feature used by recommendation models.
transferable_skill_operations_analysis_lv,excluded,"Identifier, description, duplicate, intermediate, aggregate, or non-questionnaire feature."
transferable_skill_operations_monitoring_im,modeling,Questionnaire-compatible or labor-market feature used by recommendation models.
transferable_skill_operations_monitoring_lv,excluded,"Identifier, description, duplicate, intermediate, aggregate, or non-questionnaire feature."
transferable_skill_persuasion_im,modeling,Questionnaire-compatible or labor-market feature used by recommendation models.
transferable_skill_persuasion_lv,excluded,"Identifier, description, duplicate, intermediate, aggregate, or non-questionnaire feature."
transferable_skill_programming_im,modeling,Questionnaire-compatible or labor-market feature used by recommendation models.
transferable_skill_programming_lv,excluded,"Identifier, description, duplicate, intermediate, aggregate, or non-questionnaire feature."
transferable_skill_quality_control_analysis_im,modeling,Questionnaire-compatible or labor-market feature used by recommendation models.
transferable_skill_quality_control_analysis_lv,excluded,"Identifier, description, duplicate, intermediate, aggregate, or non-questionnaire feature."
transferable_skill_repairing_im,modeling,Questionnaire-compatible or labor-market feature used by recommendation models.
transferable_skill_repairing_lv,excluded,"Identifier, description, duplicate, intermediate, aggregate, or non-questionnaire feature."
transferable_skill_service_orientation_im,modeling,Questionnaire-compatible or labor-market feature used by recommendation models.
transferable_skill_service_orientation_lv,excluded,"Identifier, description, duplicate, intermediate, aggregate, or non-questionnaire feature."
transferable_skill_social_perceptiveness_im,modeling,Questionnaire-compatible or labor-market feature used by recommendation models.
transferable_skill_social_perceptiveness_lv,excluded,"Identifier, description, duplicate, intermediate, aggregate, or non-questionnaire feature."
transferable_skill_systems_analysis_im,modeling,Questionnaire-compatible or labor-market feature used by recommendation models.
transferable_skill_systems_analysis_lv,excluded,"Identifier, description, duplicate, intermediate, aggregate, or non-questionnaire feature."
transferable_skill_systems_evaluation_im,modeling,Questionnaire-compatible or labor-market feature used by recommendation models.
transferable_skill_systems_evaluation_lv,excluded,"Identifier, description, duplicate, intermediate, aggregate, or non-questionnaire feature."
transferable_skill_technology_design_im,modeling,Questionnaire-compatible or labor-market feature used by recommendation models.
transferable_skill_technology_design_lv,excluded,"Identifier, description, duplicate, intermediate, aggregate, or non-questionnaire feature."
transferable_skill_time_management_im,modeling,Questionnaire-compatible or labor-market feature used by recommendation models.
transferable_skill_time_management_lv,excluded,"Identifier, description, duplicate, intermediate, aggregate, or non-questionnaire feature."
transferable_skill_troubleshooting_im,modeling,Questionnaire-compatible or labor-market feature used by recommendation models.
transferable_skill_troubleshooting_lv,excluded,"Identifier, description, duplicate, intermediate, aggregate, or non-questionnaire feature."
knowledge_administration_and_management_im,excluded,"Identifier, description, duplicate, intermediate, aggregate, or non-questionnaire feature."
knowledge_administration_and_management_lv,excluded,"Identifier, description, duplicate, intermediate, aggregate, or non-questionnaire feature."
knowledge_administrative_im,excluded,"Identifier, description, duplicate, intermediate, aggregate, or non-questionnaire feature."
knowledge_administrative_lv,excluded,"Identifier, description, duplicate, intermediate, aggregate, or non-questionnaire feature."
knowledge_biology_im,excluded,"Identifier, description, duplicate, intermediate, aggregate, or non-questionnaire feature."
knowledge_biology_lv,excluded,"Identifier, description, duplicate, intermediate, aggregate, or non-questionnaire feature."
knowledge_building_and_construction_im,excluded,"Identifier, description, duplicate, intermediate, aggregate, or non-questionnaire feature."
knowledge_building_and_construction_lv,excluded,"Identifier, description, duplicate, intermediate, aggregate, or non-questionnaire feature."
knowledge_chemistry_im,excluded,"Identifier, description, duplicate, intermediate, aggregate, or non-questionnaire feature."
knowledge_chemistry_lv,excluded,"Identifier, description, duplicate, intermediate, aggregate, or non-questionnaire feature."
knowledge_communications_and_media_im,excluded,"Identifier, description, duplicate, intermediate, aggregate, or non-questionnaire feature."
knowledge_communications_and_media_lv,excluded,"Identifier, description, duplicate, intermediate, aggregate, or non-questionnaire feature."
knowledge_computers_and_electronics_im,excluded,"Identifier, description, duplicate, intermediate, aggregate, or non-questionnaire feature."
knowledge_computers_and_electronics_lv,excluded,"Identifier, description, duplicate, intermediate, aggregate, or non-questionnaire feature."
knowledge_customer_and_personal_service_im,excluded,"Identifier, description, duplicate, intermediate, aggregate, or non-questionnaire feature."
knowledge_customer_and_personal_service_lv,excluded,"Identifier, description, duplicate, intermediate, aggregate, or non-questionnaire feature."
knowledge_design_im,excluded,"Identifier, description, duplicate, intermediate, aggregate, or non-questionnaire feature."
knowledge_design_lv,excluded,"Identifier, description, duplicate, intermediate, aggregate, or non-questionnaire feature."
knowledge_economics_and_accounting_im,excluded,"Identifier, description, duplicate, intermediate, aggregate, or non-questionnaire feature."
knowledge_economics_and_accounting_lv,excluded,"Identifier, description, duplicate, intermediate, aggregate, or non-questionnaire feature."
knowledge_education_and_training_im,excluded,"Identifier, description, duplicate, intermediate, aggregate, or non-questionnaire feature."
knowledge_education_and_training_lv,excluded,"Identifier, description, duplicate, intermediate, aggregate, or non-questionnaire feature."
knowledge_engineering_and_technology_im,excluded,"Identifier, description, duplicate, intermediate, aggregate, or non-questionnaire feature."
knowledge_engineering_and_technology_lv,excluded,"Identifier, description, duplicate, intermediate, aggregate, or non-questionnaire feature."
knowledge_english_language_im,excluded,"Identifier, description, duplicate, intermediate, aggregate, or non-questionnaire feature."
knowledge_english_language_lv,excluded,"Identifier, description, duplicate, intermediate, aggregate, or non-questionnaire feature."
knowledge_fine_arts_im,excluded,"Identifier, description, duplicate, intermediate, aggregate, or non-questionnaire feature."
knowledge_fine_arts_lv,excluded,"Identifier, description, duplicate, intermediate, aggregate, or non-questionnaire feature."
knowledge_food_production_im,excluded,"Identifier, description, duplicate, intermediate, aggregate, or non-questionnaire feature."
knowledge_food_production_lv,excluded,"Identifier, description, duplicate, intermediate, aggregate, or non-questionnaire feature."
knowledge_foreign_language_im,excluded,"Identifier, description, duplicate, intermediate, aggregate, or non-questionnaire feature."
knowledge_foreign_language_lv,excluded,"Identifier, description, duplicate, intermediate, aggregate, or non-questionnaire feature."
knowledge_geography_im,excluded,"Identifier, description, duplicate, intermediate, aggregate, or non-questionnaire feature."
knowledge_geography_lv,excluded,"Identifier, description, duplicate, intermediate, aggregate, or non-questionnaire feature."
knowledge_history_and_archeology_im,excluded,"Identifier, description, duplicate, intermediate, aggregate, or non-questionnaire feature."
knowledge_history_and_archeology_lv,excluded,"Identifier, description, duplicate, intermediate, aggregate, or non-questionnaire feature."
knowledge_law_and_government_im,excluded,"Identifier, description, duplicate, intermediate, aggregate, or non-questionnaire feature."
knowledge_law_and_government_lv,excluded,"Identifier, description, duplicate, intermediate, aggregate, or non-questionnaire feature."
knowledge_mathematics_im,excluded,"Identifier, description, duplicate, intermediate, aggregate, or non-questionnaire feature."
knowledge_mathematics_lv,excluded,"Identifier, description, duplicate, intermediate, aggregate, or non-questionnaire feature."
knowledge_mechanical_im,excluded,"Identifier, description, duplicate, intermediate, aggregate, or non-questionnaire feature."
knowledge_mechanical_lv,excluded,"Identifier, description, duplicate, intermediate, aggregate, or non-questionnaire feature."
knowledge_medicine_and_dentistry_im,excluded,"Identifier, description, duplicate, intermediate, aggregate, or non-questionnaire feature."
knowledge_medicine_and_dentistry_lv,excluded,"Identifier, description, duplicate, intermediate, aggregate, or non-questionnaire feature."
knowledge_personnel_and_human_resources_im,excluded,"Identifier, description, duplicate, intermediate, aggregate, or non-questionnaire feature."
knowledge_personnel_and_human_resources_lv,excluded,"Identifier, description, duplicate, intermediate, aggregate, or non-questionnaire feature."
knowledge_philosophy_and_theology_im,excluded,"Identifier, description, duplicate, intermediate, aggregate, or non-questionnaire feature."
knowledge_philosophy_and_theology_lv,excluded,"Identifier, description, duplicate, intermediate, aggregate, or non-questionnaire feature."
knowledge_physics_im,excluded,"Identifier, description, duplicate, intermediate, aggregate, or non-questionnaire feature."
knowledge_physics_lv,excluded,"Identifier, description, duplicate, intermediate, aggregate, or non-questionnaire feature."
knowledge_production_and_processing_im,excluded,"Identifier, description, duplicate, intermediate, aggregate, or non-questionnaire feature."
knowledge_production_and_processing_lv,excluded,"Identifier, description, duplicate, intermediate, aggregate, or non-questionnaire feature."
knowledge_psychology_im,excluded,"Identifier, description, duplicate, intermediate, aggregate, or non-questionnaire feature."
knowledge_psychology_lv,excluded,"Identifier, description, duplicate, intermediate, aggregate, or non-questionnaire feature."
knowledge_public_safety_and_security_im,excluded,"Identifier, description, duplicate, intermediate, aggregate, or non-questionnaire feature."
knowledge_public_safety_and_security_lv,excluded,"Identifier, description, duplicate, intermediate, aggregate, or non-questionnaire feature."
knowledge_sales_and_marketing_im,excluded,"Identifier, description, duplicate, intermediate, aggregate, or non-questionnaire feature."
knowledge_sales_and_marketing_lv,excluded,"Identifier, description, duplicate, intermediate, aggregate, or non-questionnaire feature."
knowledge_sociology_and_anthropology_im,excluded,"Identifier, description, duplicate, intermediate, aggregate, or non-questionnaire feature."
knowledge_sociology_and_anthropology_lv,excluded,"Identifier, description, duplicate, intermediate, aggregate, or non-questionnaire feature."
knowledge_telecommunications_im,excluded,"Identifier, description, duplicate, intermediate, aggregate, or non-questionnaire feature."
knowledge_telecommunications_lv,excluded,"Identifier, description, duplicate, intermediate, aggregate, or non-questionnaire feature."
knowledge_therapy_and_counseling_im,excluded,"Identifier, description, duplicate, intermediate, aggregate, or non-questionnaire feature."
knowledge_therapy_and_counseling_lv,excluded,"Identifier, description, duplicate, intermediate, aggregate, or non-questionnaire feature."
knowledge_transportation_im,excluded,"Identifier, description, duplicate, intermediate, aggregate, or non-questionnaire feature."
knowledge_transportation_lv,excluded,"Identifier, description, duplicate, intermediate, aggregate, or non-questionnaire feature."
ability_arm_hand_steadiness_im,excluded,"Identifier, description, duplicate, intermediate, aggregate, or non-questionnaire feature."
ability_arm_hand_steadiness_lv,excluded,"Identifier, description, duplicate, intermediate, aggregate, or non-questionnaire feature."
ability_auditory_attention_im,excluded,"Identifier, description, duplicate, intermediate, aggregate, or non-questionnaire feature."
ability_auditory_attention_lv,excluded,"Identifier, description, duplicate, intermediate, aggregate, or non-questionnaire feature."
ability_category_flexibility_im,excluded,"Identifier, description, duplicate, intermediate, aggregate, or non-questionnaire feature."
ability_category_flexibility_lv,excluded,"Identifier, description, duplicate, intermediate, aggregate, or non-questionnaire feature."
ability_control_precision_im,excluded,"Identifier, description, duplicate, intermediate, aggregate, or non-questionnaire feature."
ability_control_precision_lv,excluded,"Identifier, description, duplicate, intermediate, aggregate, or non-questionnaire feature."
ability_deductive_reasoning_im,excluded,"Identifier, description, duplicate, intermediate, aggregate, or non-questionnaire feature."
ability_deductive_reasoning_lv,excluded,"Identifier, description, duplicate, intermediate, aggregate, or non-questionnaire feature."
ability_depth_perception_im,excluded,"Identifier, description, duplicate, intermediate, aggregate, or non-questionnaire feature."
ability_depth_perception_lv,excluded,"Identifier, description, duplicate, intermediate, aggregate, or non-questionnaire feature."
ability_dynamic_flexibility_im,excluded,"Identifier, description, duplicate, intermediate, aggregate, or non-questionnaire feature."
ability_dynamic_flexibility_lv,excluded,"Identifier, description, duplicate, intermediate, aggregate, or non-questionnaire feature."
ability_dynamic_strength_im,excluded,"Identifier, description, duplicate, intermediate, aggregate, or non-questionnaire feature."
ability_dynamic_strength_lv,excluded,"Identifier, description, duplicate, intermediate, aggregate, or non-questionnaire feature."
ability_explosive_strength_im,excluded,"Identifier, description, duplicate, intermediate, aggregate, or non-questionnaire feature."
ability_explosive_strength_lv,excluded,"Identifier, description, duplicate, intermediate, aggregate, or non-questionnaire feature."
ability_extent_flexibility_im,excluded,"Identifier, description, duplicate, intermediate, aggregate, or non-questionnaire feature."
ability_extent_flexibility_lv,excluded,"Identifier, description, duplicate, intermediate, aggregate, or non-questionnaire feature."
ability_far_vision_im,excluded,"Identifier, description, duplicate, intermediate, aggregate, or non-questionnaire feature."
ability_far_vision_lv,excluded,"Identifier, description, duplicate, intermediate, aggregate, or non-questionnaire feature."
ability_finger_dexterity_im,excluded,"Identifier, description, duplicate, intermediate, aggregate, or non-questionnaire feature."
ability_finger_dexterity_lv,excluded,"Identifier, description, duplicate, intermediate, aggregate, or non-questionnaire feature."
ability_flexibility_of_closure_im,excluded,"Identifier, description, duplicate, intermediate, aggregate, or non-questionnaire feature."
ability_flexibility_of_closure_lv,excluded,"Identifier, description, duplicate, intermediate, aggregate, or non-questionnaire feature."
ability_fluency_of_ideas_im,excluded,"Identifier, description, duplicate, intermediate, aggregate, or non-questionnaire feature."
ability_fluency_of_ideas_lv,excluded,"Identifier, description, duplicate, intermediate, aggregate, or non-questionnaire feature."
ability_glare_sensitivity_im,excluded,"Identifier, description, duplicate, intermediate, aggregate, or non-questionnaire feature."
ability_glare_sensitivity_lv,excluded,"Identifier, description, duplicate, intermediate, aggregate, or non-questionnaire feature."
ability_gross_body_coordination_im,excluded,"Identifier, description, duplicate, intermediate, aggregate, or non-questionnaire feature."
ability_gross_body_coordination_lv,excluded,"Identifier, description, duplicate, intermediate, aggregate, or non-questionnaire feature."
ability_gross_body_equilibrium_im,excluded,"Identifier, description, duplicate, intermediate, aggregate, or non-questionnaire feature."
ability_gross_body_equilibrium_lv,excluded,"Identifier, description, duplicate, intermediate, aggregate, or non-questionnaire feature."
ability_hearing_sensitivity_im,excluded,"Identifier, description, duplicate, intermediate, aggregate, or non-questionnaire feature."
ability_hearing_sensitivity_lv,excluded,"Identifier, description, duplicate, intermediate, aggregate, or non-questionnaire feature."
ability_inductive_reasoning_im,excluded,"Identifier, description, duplicate, intermediate, aggregate, or non-questionnaire feature."
ability_inductive_reasoning_lv,excluded,"Identifier, description, duplicate, intermediate, aggregate, or non-questionnaire feature."
ability_information_ordering_im,excluded,"Identifier, description, duplicate, intermediate, aggregate, or non-questionnaire feature."
ability_information_ordering_lv,excluded,"Identifier, description, duplicate, intermediate, aggregate, or non-questionnaire feature."
ability_manual_dexterity_im,excluded,"Identifier, description, duplicate, intermediate, aggregate, or non-questionnaire feature."
ability_manual_dexterity_lv,excluded,"Identifier, description, duplicate, intermediate, aggregate, or non-questionnaire feature."
ability_mathematical_reasoning_im,excluded,"Identifier, description, duplicate, intermediate, aggregate, or non-questionnaire feature."
ability_mathematical_reasoning_lv,excluded,"Identifier, description, duplicate, intermediate, aggregate, or non-questionnaire feature."
ability_memorization_im,excluded,"Identifier, description, duplicate, intermediate, aggregate, or non-questionnaire feature."
ability_memorization_lv,excluded,"Identifier, description, duplicate, intermediate, aggregate, or non-questionnaire feature."
ability_multilimb_coordination_im,excluded,"Identifier, description, duplicate, intermediate, aggregate, or non-questionnaire feature."
ability_multilimb_coordination_lv,excluded,"Identifier, description, duplicate, intermediate, aggregate, or non-questionnaire feature."
ability_near_vision_im,excluded,"Identifier, description, duplicate, intermediate, aggregate, or non-questionnaire feature."
ability_near_vision_lv,excluded,"Identifier, description, duplicate, intermediate, aggregate, or non-questionnaire feature."
ability_night_vision_im,excluded,"Identifier, description, duplicate, intermediate, aggregate, or non-questionnaire feature."
ability_night_vision_lv,excluded,"Identifier, description, duplicate, intermediate, aggregate, or non-questionnaire feature."
ability_number_facility_im,excluded,"Identifier, description, duplicate, intermediate, aggregate, or non-questionnaire feature."
ability_number_facility_lv,excluded,"Identifier, description, duplicate, intermediate, aggregate, or non-questionnaire feature."
ability_oral_comprehension_im,excluded,"Identifier, description, duplicate, intermediate, aggregate, or non-questionnaire feature."
ability_oral_comprehension_lv,excluded,"Identifier, description, duplicate, intermediate, aggregate, or non-questionnaire feature."
ability_oral_expression_im,excluded,"Identifier, description, duplicate, intermediate, aggregate, or non-questionnaire feature."
ability_oral_expression_lv,excluded,"Identifier, description, duplicate, intermediate, aggregate, or non-questionnaire feature."
ability_originality_im,excluded,"Identifier, description, duplicate, intermediate, aggregate, or non-questionnaire feature."
ability_originality_lv,excluded,"Identifier, description, duplicate, intermediate, aggregate, or non-questionnaire feature."
ability_perceptual_speed_im,excluded,"Identifier, description, duplicate, intermediate, aggregate, or non-questionnaire feature."
ability_perceptual_speed_lv,excluded,"Identifier, description, duplicate, intermediate, aggregate, or non-questionnaire feature."
ability_peripheral_vision_im,excluded,"Identifier, description, duplicate, intermediate, aggregate, or non-questionnaire feature."
ability_peripheral_vision_lv,excluded,"Identifier, description, duplicate, intermediate, aggregate, or non-questionnaire feature."
ability_problem_sensitivity_im,excluded,"Identifier, description, duplicate, intermediate, aggregate, or non-questionnaire feature."
ability_problem_sensitivity_lv,excluded,"Identifier, description, duplicate, intermediate, aggregate, or non-questionnaire feature."
ability_rate_control_im,excluded,"Identifier, description, duplicate, intermediate, aggregate, or non-questionnaire feature."
ability_rate_control_lv,excluded,"Identifier, description, duplicate, intermediate, aggregate, or non-questionnaire feature."
ability_reaction_time_im,excluded,"Identifier, description, duplicate, intermediate, aggregate, or non-questionnaire feature."
ability_reaction_time_lv,excluded,"Identifier, description, duplicate, intermediate, aggregate, or non-questionnaire feature."
ability_response_orientation_im,excluded,"Identifier, description, duplicate, intermediate, aggregate, or non-questionnaire feature."
ability_response_orientation_lv,excluded,"Identifier, description, duplicate, intermediate, aggregate, or non-questionnaire feature."
ability_selective_attention_im,excluded,"Identifier, description, duplicate, intermediate, aggregate, or non-questionnaire feature."
ability_selective_attention_lv,excluded,"Identifier, description, duplicate, intermediate, aggregate, or non-questionnaire feature."
ability_sound_localization_im,excluded,"Identifier, description, duplicate, intermediate, aggregate, or non-questionnaire feature."
ability_sound_localization_lv,excluded,"Identifier, description, duplicate, intermediate, aggregate, or non-questionnaire feature."
ability_spatial_orientation_im,excluded,"Identifier, description, duplicate, intermediate, aggregate, or non-questionnaire feature."
ability_spatial_orientation_lv,excluded,"Identifier, description, duplicate, intermediate, aggregate, or non-questionnaire feature."
ability_speech_clarity_im,excluded,"Identifier, description, duplicate, intermediate, aggregate, or non-questionnaire feature."
ability_speech_clarity_lv,excluded,"Identifier, description, duplicate, intermediate, aggregate, or non-questionnaire feature."
ability_speech_recognition_im,excluded,"Identifier, description, duplicate, intermediate, aggregate, or non-questionnaire feature."
ability_speech_recognition_lv,excluded,"Identifier, description, duplicate, intermediate, aggregate, or non-questionnaire feature."
ability_speed_of_closure_im,excluded,"Identifier, description, duplicate, intermediate, aggregate, or non-questionnaire feature."
ability_speed_of_closure_lv,excluded,"Identifier, description, duplicate, intermediate, aggregate, or non-questionnaire feature."
ability_speed_of_limb_movement_im,excluded,"Identifier, description, duplicate, intermediate, aggregate, or non-questionnaire feature."
ability_speed_of_limb_movement_lv,excluded,"Identifier, description, duplicate, intermediate, aggregate, or non-questionnaire feature."
ability_stamina_im,excluded,"Identifier, description, duplicate, intermediate, aggregate, or non-questionnaire feature."
ability_stamina_lv,excluded,"Identifier, description, duplicate, intermediate, aggregate, or non-questionnaire feature."
ability_static_strength_im,excluded,"Identifier, description, duplicate, intermediate, aggregate, or non-questionnaire feature."
ability_static_strength_lv,excluded,"Identifier, description, duplicate, intermediate, aggregate, or non-questionnaire feature."
ability_time_sharing_im,excluded,"Identifier, description, duplicate, intermediate, aggregate, or non-questionnaire feature."
ability_time_sharing_lv,excluded,"Identifier, description, duplicate, intermediate, aggregate, or non-questionnaire feature."
ability_trunk_strength_im,excluded,"Identifier, description, duplicate, intermediate, aggregate, or non-questionnaire feature."
ability_trunk_strength_lv,excluded,"Identifier, description, duplicate, intermediate, aggregate, or non-questionnaire feature."
ability_visual_color_discrimination_im,excluded,"Identifier, description, duplicate, intermediate, aggregate, or non-questionnaire feature."
ability_visual_color_discrimination_lv,excluded,"Identifier, description, duplicate, intermediate, aggregate, or non-questionnaire feature."
ability_visualization_im,excluded,"Identifier, description, duplicate, intermediate, aggregate, or non-questionnaire feature."
ability_visualization_lv,excluded,"Identifier, description, duplicate, intermediate, aggregate, or non-questionnaire feature."
ability_wrist_finger_speed_im,excluded,"Identifier, description, duplicate, intermediate, aggregate, or non-questionnaire feature."
ability_wrist_finger_speed_lv,excluded,"Identifier, description, duplicate, intermediate, aggregate, or non-questionnaire feature."
ability_written_comprehension_im,excluded,"Identifier, description, duplicate, intermediate, aggregate, or non-questionnaire feature."
ability_written_comprehension_lv,excluded,"Identifier, description, duplicate, intermediate, aggregate, or non-questionnaire feature."
ability_written_expression_im,excluded,"Identifier, description, duplicate, intermediate, aggregate, or non-questionnaire feature."
ability_written_expression_lv,excluded,"Identifier, description, duplicate, intermediate, aggregate, or non-questionnaire feature."
work_activity_analyzing_data_or_information_im,excluded,"Identifier, description, duplicate, intermediate, aggregate, or non-questionnaire feature."
work_activity_analyzing_data_or_information_lv,excluded,"Identifier, description, duplicate, intermediate, aggregate, or non-questionnaire feature."
work_activity_assisting_and_caring_for_others_im,excluded,"Identifier, description, duplicate, intermediate, aggregate, or non-questionnaire feature."
work_activity_assisting_and_caring_for_others_lv,excluded,"Identifier, description, duplicate, intermediate, aggregate, or non-questionnaire feature."
work_activity_coaching_and_developing_others_im,excluded,"Identifier, description, duplicate, intermediate, aggregate, or non-questionnaire feature."
work_activity_coaching_and_developing_others_lv,excluded,"Identifier, description, duplicate, intermediate, aggregate, or non-questionnaire feature."
work_activity_communicating_with_people_outside_the_organization_im,excluded,"Identifier, description, duplicate, intermediate, aggregate, or non-questionnaire feature."
work_activity_communicating_with_people_outside_the_organization_lv,excluded,"Identifier, description, duplicate, intermediate, aggregate, or non-questionnaire feature."
work_activity_communicating_with_supervisors_peers_or_subordinates_im,excluded,"Identifier, description, duplicate, intermediate, aggregate, or non-questionnaire feature."
work_activity_communicating_with_supervisors_peers_or_subordinates_lv,excluded,"Identifier, description, duplicate, intermediate, aggregate, or non-questionnaire feature."
work_activity_controlling_machines_and_processes_im,excluded,"Identifier, description, duplicate, intermediate, aggregate, or non-questionnaire feature."
work_activity_controlling_machines_and_processes_lv,excluded,"Identifier, description, duplicate, intermediate, aggregate, or non-questionnaire feature."
work_activity_coordinating_the_work_and_activities_of_others_im,excluded,"Identifier, description, duplicate, intermediate, aggregate, or non-questionnaire feature."
work_activity_coordinating_the_work_and_activities_of_others_lv,excluded,"Identifier, description, duplicate, intermediate, aggregate, or non-questionnaire feature."
work_activity_developing_and_building_teams_im,excluded,"Identifier, description, duplicate, intermediate, aggregate, or non-questionnaire feature."
work_activity_developing_and_building_teams_lv,excluded,"Identifier, description, duplicate, intermediate, aggregate, or non-questionnaire feature."
work_activity_developing_objectives_and_strategies_im,excluded,"Identifier, description, duplicate, intermediate, aggregate, or non-questionnaire feature."
work_activity_developing_objectives_and_strategies_lv,excluded,"Identifier, description, duplicate, intermediate, aggregate, or non-questionnaire feature."
work_activity_documenting_recording_information_im,excluded,"Identifier, description, duplicate, intermediate, aggregate, or non-questionnaire feature."
work_activity_documenting_recording_information_lv,excluded,"Identifier, description, duplicate, intermediate, aggregate, or non-questionnaire feature."
work_activity_drafting_laying_out_and_specifying_technical_devices_parts_and_equipment_im,excluded,"Identifier, description, duplicate, intermediate, aggregate, or non-questionnaire feature."
work_activity_drafting_laying_out_and_specifying_technical_devices_parts_and_equipment_lv,excluded,"Identifier, description, duplicate, intermediate, aggregate, or non-questionnaire feature."
work_activity_establishing_and_maintaining_interpersonal_relationships_im,excluded,"Identifier, description, duplicate, intermediate, aggregate, or non-questionnaire feature."
work_activity_establishing_and_maintaining_interpersonal_relationships_lv,excluded,"Identifier, description, duplicate, intermediate, aggregate, or non-questionnaire feature."
work_activity_estimating_the_quantifiable_characteristics_of_products_events_or_information_im,excluded,"Identifier, description, duplicate, intermediate, aggregate, or non-questionnaire feature."
work_activity_estimating_the_quantifiable_characteristics_of_products_events_or_information_lv,excluded,"Identifier, description, duplicate, intermediate, aggregate, or non-questionnaire feature."
work_activity_evaluating_information_to_determine_compliance_with_standards_im,excluded,"Identifier, description, duplicate, intermediate, aggregate, or non-questionnaire feature."
work_activity_evaluating_information_to_determine_compliance_with_standards_lv,excluded,"Identifier, description, duplicate, intermediate, aggregate, or non-questionnaire feature."
work_activity_getting_information_im,excluded,"Identifier, description, duplicate, intermediate, aggregate, or non-questionnaire feature."
work_activity_getting_information_lv,excluded,"Identifier, description, duplicate, intermediate, aggregate, or non-questionnaire feature."
work_activity_guiding_directing_and_motivating_subordinates_im,excluded,"Identifier, description, duplicate, intermediate, aggregate, or non-questionnaire feature."
work_activity_guiding_directing_and_motivating_subordinates_lv,excluded,"Identifier, description, duplicate, intermediate, aggregate, or non-questionnaire feature."
work_activity_handling_and_moving_objects_im,excluded,"Identifier, description, duplicate, intermediate, aggregate, or non-questionnaire feature."
work_activity_handling_and_moving_objects_lv,excluded,"Identifier, description, duplicate, intermediate, aggregate, or non-questionnaire feature."
work_activity_identifying_objects_actions_and_events_im,excluded,"Identifier, description, duplicate, intermediate, aggregate, or non-questionnaire feature."
work_activity_identifying_objects_actions_and_events_lv,excluded,"Identifier, description, duplicate, intermediate, aggregate, or non-questionnaire feature."
work_activity_inspecting_equipment_structures_or_materials_im,excluded,"Identifier, description, duplicate, intermediate, aggregate, or non-questionnaire feature."
work_activity_inspecting_equipment_structures_or_materials_lv,excluded,"Identifier, description, duplicate, intermediate, aggregate, or non-questionnaire feature."
work_activity_interpreting_the_meaning_of_information_for_others_im,excluded,"Identifier, description, duplicate, intermediate, aggregate, or non-questionnaire feature."
work_activity_interpreting_the_meaning_of_information_for_others_lv,excluded,"Identifier, description, duplicate, intermediate, aggregate, or non-questionnaire feature."
work_activity_judging_the_qualities_of_objects_services_or_people_im,excluded,"Identifier, description, duplicate, intermediate, aggregate, or non-questionnaire feature."
work_activity_judging_the_qualities_of_objects_services_or_people_lv,excluded,"Identifier, description, duplicate, intermediate, aggregate, or non-questionnaire feature."
work_activity_making_decisions_and_solving_problems_im,excluded,"Identifier, description, duplicate, intermediate, aggregate, or non-questionnaire feature."
work_activity_making_decisions_and_solving_problems_lv,excluded,"Identifier, description, duplicate, intermediate, aggregate, or non-questionnaire feature."
work_activity_monitoring_and_controlling_resources_im,excluded,"Identifier, description, duplicate, intermediate, aggregate, or non-questionnaire feature."
work_activity_monitoring_and_controlling_resources_lv,excluded,"Identifier, description, duplicate, intermediate, aggregate, or non-questionnaire feature."
work_activity_monitoring_processes_materials_or_surroundings_im,excluded,"Identifier, description, duplicate, intermediate, aggregate, or non-questionnaire feature."
work_activity_monitoring_processes_materials_or_surroundings_lv,excluded,"Identifier, description, duplicate, intermediate, aggregate, or non-questionnaire feature."
work_activity_operating_vehicles_mechanized_devices_or_equipment_im,excluded,"Identifier, description, duplicate, intermediate, aggregate, or non-questionnaire feature."
work_activity_operating_vehicles_mechanized_devices_or_equipment_lv,excluded,"Identifier, description, duplicate, intermediate, aggregate, or non-questionnaire feature."
work_activity_organizing_planning_and_prioritizing_work_im,excluded,"Identifier, description, duplicate, intermediate, aggregate, or non-questionnaire feature."
work_activity_organizing_planning_and_prioritizing_work_lv,excluded,"Identifier, description, duplicate, intermediate, aggregate, or non-questionnaire feature."
work_activity_performing_administrative_activities_im,excluded,"Identifier, description, duplicate, intermediate, aggregate, or non-questionnaire feature."
work_activity_performing_administrative_activities_lv,excluded,"Identifier, description, duplicate, intermediate, aggregate, or non-questionnaire feature."
work_activity_performing_for_or_working_directly_with_the_public_im,excluded,"Identifier, description, duplicate, intermediate, aggregate, or non-questionnaire feature."
work_activity_performing_for_or_working_directly_with_the_public_lv,excluded,"Identifier, description, duplicate, intermediate, aggregate, or non-questionnaire feature."
work_activity_performing_general_physical_activities_im,excluded,"Identifier, description, duplicate, intermediate, aggregate, or non-questionnaire feature."
work_activity_performing_general_physical_activities_lv,excluded,"Identifier, description, duplicate, intermediate, aggregate, or non-questionnaire feature."
work_activity_processing_information_im,excluded,"Identifier, description, duplicate, intermediate, aggregate, or non-questionnaire feature."
work_activity_processing_information_lv,excluded,"Identifier, description, duplicate, intermediate, aggregate, or non-questionnaire feature."
work_activity_providing_consultation_and_advice_to_others_im,excluded,"Identifier, description, duplicate, intermediate, aggregate, or non-questionnaire feature."
work_activity_providing_consultation_and_advice_to_others_lv,excluded,"Identifier, description, duplicate, intermediate, aggregate, or non-questionnaire feature."
work_activity_repairing_and_maintaining_electronic_equipment_im,excluded,"Identifier, description, duplicate, intermediate, aggregate, or non-questionnaire feature."
work_activity_repairing_and_maintaining_electronic_equipment_lv,excluded,"Identifier, description, duplicate, intermediate, aggregate, or non-questionnaire feature."
work_activity_repairing_and_maintaining_mechanical_equipment_im,excluded,"Identifier, description, duplicate, intermediate, aggregate, or non-questionnaire feature."
work_activity_repairing_and_maintaining_mechanical_equipment_lv,excluded,"Identifier, description, duplicate, intermediate, aggregate, or non-questionnaire feature."
work_activity_resolving_conflicts_and_negotiating_with_others_im,excluded,"Identifier, description, duplicate, intermediate, aggregate, or non-questionnaire feature."
work_activity_resolving_conflicts_and_negotiating_with_others_lv,excluded,"Identifier, description, duplicate, intermediate, aggregate, or non-questionnaire feature."
work_activity_scheduling_work_and_activities_im,excluded,"Identifier, description, duplicate, intermediate, aggregate, or non-questionnaire feature."
work_activity_scheduling_work_and_activities_lv,excluded,"Identifier, description, duplicate, intermediate, aggregate, or non-questionnaire feature."
work_activity_selling_or_influencing_others_im,excluded,"Identifier, description, duplicate, intermediate, aggregate, or non-questionnaire feature."
work_activity_selling_or_influencing_others_lv,excluded,"Identifier, description, duplicate, intermediate, aggregate, or non-questionnaire feature."
work_activity_staffing_organizational_units_im,excluded,"Identifier, description, duplicate, intermediate, aggregate, or non-questionnaire feature."
work_activity_staffing_organizational_units_lv,excluded,"Identifier, description, duplicate, intermediate, aggregate, or non-questionnaire feature."
work_activity_thinking_creatively_im,excluded,"Identifier, description, duplicate, intermediate, aggregate, or non-questionnaire feature."
work_activity_thinking_creatively_lv,excluded,"Identifier, description, duplicate, intermediate, aggregate, or non-questionnaire feature."
work_activity_training_and_teaching_others_im,excluded,"Identifier, description, duplicate, intermediate, aggregate, or non-questionnaire feature."
work_activity_training_and_teaching_others_lv,excluded,"Identifier, description, duplicate, intermediate, aggregate, or non-questionnaire feature."
work_activity_updating_and_using_relevant_knowledge_im,excluded,"Identifier, description, duplicate, intermediate, aggregate, or non-questionnaire feature."
work_activity_updating_and_using_relevant_knowledge_lv,excluded,"Identifier, description, duplicate, intermediate, aggregate, or non-questionnaire feature."
work_activity_working_with_computers_im,excluded,"Identifier, description, duplicate, intermediate, aggregate, or non-questionnaire feature."
work_activity_working_with_computers_lv,excluded,"Identifier, description, duplicate, intermediate, aggregate, or non-questionnaire feature."
interest_artistic,modeling,Questionnaire-compatible or labor-market feature used by recommendation models.
interest_conventional,modeling,Questionnaire-compatible or labor-market feature used by recommendation models.
interest_enterprising,modeling,Questionnaire-compatible or labor-market feature used by recommendation models.
interest_investigative,modeling,Questionnaire-compatible or labor-market feature used by recommendation models.
interest_realistic,modeling,Questionnaire-compatible or labor-market feature used by recommendation models.
interest_social,modeling,Questionnaire-compatible or labor-market feature used by recommendation models.
work_style_achievement_orientation_impact,excluded,"Identifier, description, duplicate, intermediate, aggregate, or non-questionnaire feature."
work_style_adaptability_impact,excluded,"Identifier, description, duplicate, intermediate, aggregate, or non-questionnaire feature."
work_style_attention_to_detail_impact,excluded,"Identifier, description, duplicate, intermediate, aggregate, or non-questionnaire feature."
work_style_cautiousness_impact,excluded,"Identifier, description, duplicate, intermediate, aggregate, or non-questionnaire feature."
work_style_cooperation_impact,excluded,"Identifier, description, duplicate, intermediate, aggregate, or non-questionnaire feature."
work_style_dependability_impact,excluded,"Identifier, description, duplicate, intermediate, aggregate, or non-questionnaire feature."
work_style_empathy_impact,excluded,"Identifier, description, duplicate, intermediate, aggregate, or non-questionnaire feature."
work_style_humility_impact,excluded,"Identifier, description, duplicate, intermediate, aggregate, or non-questionnaire feature."
work_style_initiative_impact,excluded,"Identifier, description, duplicate, intermediate, aggregate, or non-questionnaire feature."
work_style_innovation_impact,excluded,"Identifier, description, duplicate, intermediate, aggregate, or non-questionnaire feature."
work_style_integrity_impact,excluded,"Identifier, description, duplicate, intermediate, aggregate, or non-questionnaire feature."
work_style_intellectual_curiosity_impact,excluded,"Identifier, description, duplicate, intermediate, aggregate, or non-questionnaire feature."
work_style_leadership_orientation_impact,excluded,"Identifier, description, duplicate, intermediate, aggregate, or non-questionnaire feature."
work_style_optimism_impact,excluded,"Identifier, description, duplicate, intermediate, aggregate, or non-questionnaire feature."
work_style_perseverance_impact,excluded,"Identifier, description, duplicate, intermediate, aggregate, or non-questionnaire feature."
work_style_self_confidence_impact,excluded,"Identifier, description, duplicate, intermediate, aggregate, or non-questionnaire feature."
work_style_self_control_impact,excluded,"Identifier, description, duplicate, intermediate, aggregate, or non-questionnaire feature."
work_style_sincerity_impact,excluded,"Identifier, description, duplicate, intermediate, aggregate, or non-questionnaire feature."
work_style_social_orientation_impact,excluded,"Identifier, description, duplicate, intermediate, aggregate, or non-questionnaire feature."
work_style_stress_tolerance_impact,excluded,"Identifier, description, duplicate, intermediate, aggregate, or non-questionnaire feature."
work_style_tolerance_for_ambiguity_impact,excluded,"Identifier, description, duplicate, intermediate, aggregate, or non-questionnaire feature."
job_zone,modeling,Questionnaire-compatible or labor-market feature used by recommendation models.
education_expected_category,modeling,Questionnaire-compatible or labor-market feature used by recommendation models.
education_response_total,excluded,"Identifier, description, duplicate, intermediate, aggregate, or non-questionnaire feature."
education_modal_category,excluded,"Identifier, description, duplicate, intermediate, aggregate, or non-questionnaire feature."
education_bachelors_or_higher_pct,modeling,Questionnaire-compatible or labor-market feature used by recommendation models.
essential_skill_importance_mean,excluded,"Identifier, description, duplicate, intermediate, aggregate, or non-questionnaire feature."
essential_skill_importance_max,excluded,"Identifier, description, duplicate, intermediate, aggregate, or non-questionnaire feature."
essential_skill_level_mean,excluded,"Identifier, description, duplicate, intermediate, aggregate, or non-questionnaire feature."
essential_skill_level_max,excluded,"Identifier, description, duplicate, intermediate, aggregate, or non-questionnaire feature."
transferable_skill_importance_mean,excluded,"Identifier, description, duplicate, intermediate, aggregate, or non-questionnaire feature."
transferable_skill_importance_max,excluded,"Identifier, description, duplicate, intermediate, aggregate, or non-questionnaire feature."
transferable_skill_level_mean,excluded,"Identifier, description, duplicate, intermediate, aggregate, or non-questionnaire feature."
transferable_skill_level_max,excluded,"Identifier, description, duplicate, intermediate, aggregate, or non-questionnaire feature."
knowledge_importance_mean,excluded,"Identifier, description, duplicate, intermediate, aggregate, or non-questionnaire feature."
knowledge_importance_max,excluded,"Identifier, description, duplicate, intermediate, aggregate, or non-questionnaire feature."
knowledge_level_mean,excluded,"Identifier, description, duplicate, intermediate, aggregate, or non-questionnaire feature."
knowledge_level_max,excluded,"Identifier, description, duplicate, intermediate, aggregate, or non-questionnaire feature."
ability_importance_mean,excluded,"Identifier, description, duplicate, intermediate, aggregate, or non-questionnaire feature."
ability_importance_max,excluded,"Identifier, description, duplicate, intermediate, aggregate, or non-questionnaire feature."
ability_level_mean,excluded,"Identifier, description, duplicate, intermediate, aggregate, or non-questionnaire feature."
ability_level_max,excluded,"Identifier, description, duplicate, intermediate, aggregate, or non-questionnaire feature."
work_activity_importance_mean,excluded,"Identifier, description, duplicate, intermediate, aggregate, or non-questionnaire feature."
work_activity_importance_max,excluded,"Identifier, description, duplicate, intermediate, aggregate, or non-questionnaire feature."
work_activity_level_mean,excluded,"Identifier, description, duplicate, intermediate, aggregate, or non-questionnaire feature."
work_activity_level_max,excluded,"Identifier, description, duplicate, intermediate, aggregate, or non-questionnaire feature."
dominant_interest,excluded,"Identifier, description, duplicate, intermediate, aggregate, or non-questionnaire feature."
interest_score_max,excluded,"Identifier, description, duplicate, intermediate, aggregate, or non-questionnaire feature."
interest_score_range,excluded,"Identifier, description, duplicate, intermediate, aggregate, or non-questionnaire feature."
bls_occ_title,excluded,"Identifier, description, duplicate, intermediate, aggregate, or non-questionnaire feature."
tot_emp,display_only,"Retained to identify and explain recommendations, but not used as a model input."
emp_prse,excluded,"Identifier, description, duplicate, intermediate, aggregate, or non-questionnaire feature."
h_mean,excluded,"Identifier, description, duplicate, intermediate, aggregate, or non-questionnaire feature."
a_mean,excluded,"Identifier, description, duplicate, intermediate, aggregate, or non-questionnaire feature."
mean_prse,excluded,"Identifier, description, duplicate, intermediate, aggregate, or non-questionnaire feature."
h_pct10,excluded,"Identifier, description, duplicate, intermediate, aggregate, or non-questionnaire feature."
h_pct25,excluded,"Identifier, description, duplicate, intermediate, aggregate, or non-questionnaire feature."
h_median,excluded,"Identifier, description, duplicate, intermediate, aggregate, or non-questionnaire feature."
h_pct75,excluded,"Identifier, description, duplicate, intermediate, aggregate, or non-questionnaire feature."
h_pct90,excluded,"Identifier, description, duplicate, intermediate, aggregate, or non-questionnaire feature."
a_pct10,excluded,"Identifier, description, duplicate, intermediate, aggregate, or non-questionnaire feature."
a_pct25,excluded,"Identifier, description, duplicate, intermediate, aggregate, or non-questionnaire feature."
a_median,display_only,"Retained to identify and explain recommendations, but not used as a model input."
a_pct75,excluded,"Identifier, description, duplicate, intermediate, aggregate, or non-questionnaire feature."
a_pct90,excluded,"Identifier, description, duplicate, intermediate, aggregate, or non-questionnaire feature."
annual,excluded,"Identifier, description, duplicate, intermediate, aggregate, or non-questionnaire feature."
hourly,excluded,"Identifier, description, duplicate, intermediate, aggregate, or non-questionnaire feature."
bls_match,excluded,"Identifier, description, duplicate, intermediate, aggregate, or non-questionnaire feature."
employment_log1p,excluded,"Identifier, description, duplicate, intermediate, aggregate, or non-questionnaire feature."
annual_wage_spread_90_10,excluded,"Identifier, description, duplicate, intermediate, aggregate, or non-questionnaire feature."
annual_wage_iqr,excluded,"Identifier, description, duplicate, intermediate, aggregate, or non-questionnaire feature."
median_to_mean_wage_ratio,excluded,"Identifier, description, duplicate, intermediate, aggregate, or non-questionnaire feature."
wage_data_available,excluded,"Identifier, description, duplicate, intermediate, aggregate, or non-questionnaire feature."
median_wage_percentile,modeling,Questionnaire-compatible or labor-market feature used by recommendation models.
employment_percentile,modeling,Questionnaire-compatible or labor-market feature used by recommendation models.
labor_market_opportunity_score,modeling,Questionnaire-compatible or labor-market feature used by recommendation models.
