variable,source,dtype,role
onet_soc_code,O*NET Occupation Data,string,Identifier/display only
soc_code,O*NET Occupation Data,string,Identifier/display only
occupation_title,O*NET Occupation Data,object,Identifier/display only
occupation_description,O*NET Occupation Data,object,Identifier/display only
essential_skill_active_learning_im,O*NET content model table,float64,Candidate model/recommendation feature
essential_skill_active_learning_lv,O*NET content model table,float64,Candidate model/recommendation feature
essential_skill_active_listening_im,O*NET content model table,float64,Candidate model/recommendation feature
essential_skill_active_listening_lv,O*NET content model table,float64,Candidate model/recommendation feature
essential_skill_critical_thinking_im,O*NET content model table,float64,Candidate model/recommendation feature
essential_skill_critical_thinking_lv,O*NET content model table,float64,Candidate model/recommendation feature
essential_skill_learning_strategies_im,O*NET content model table,float64,Candidate model/recommendation feature
essential_skill_learning_strategies_lv,O*NET content model table,float64,Candidate model/recommendation feature
essential_skill_mathematics_im,O*NET content model table,float64,Candidate model/recommendation feature
essential_skill_mathematics_lv,O*NET content model table,float64,Candidate model/recommendation feature
essential_skill_monitoring_im,O*NET content model table,float64,Candidate model/recommendation feature
essential_skill_monitoring_lv,O*NET content model table,float64,Candidate model/recommendation feature
essential_skill_reading_comprehension_im,O*NET content model table,float64,Candidate model/recommendation feature
essential_skill_reading_comprehension_lv,O*NET content model table,float64,Candidate model/recommendation feature
essential_skill_science_im,O*NET content model table,float64,Candidate model/recommendation feature
essential_skill_science_lv,O*NET content model table,float64,Candidate model/recommendation feature
essential_skill_speaking_im,O*NET content model table,float64,Candidate model/recommendation feature
essential_skill_speaking_lv,O*NET content model table,float64,Candidate model/recommendation feature
essential_skill_writing_im,O*NET content model table,float64,Candidate model/recommendation feature
essential_skill_writing_lv,O*NET content model table,float64,Candidate model/recommendation feature
transferable_skill_complex_problem_solving_im,O*NET content model table,float64,Candidate model/recommendation feature
transferable_skill_complex_problem_solving_lv,O*NET content model table,float64,Candidate model/recommendation feature
transferable_skill_coordination_im,O*NET content model table,float64,Candidate model/recommendation feature
transferable_skill_coordination_lv,O*NET content model table,float64,Candidate model/recommendation feature
transferable_skill_equipment_maintenance_im,O*NET content model table,float64,Candidate model/recommendation feature
transferable_skill_equipment_maintenance_lv,O*NET content model table,float64,Candidate model/recommendation feature
transferable_skill_equipment_selection_im,O*NET content model table,float64,Candidate model/recommendation feature
transferable_skill_equipment_selection_lv,O*NET content model table,float64,Candidate model/recommendation feature
transferable_skill_installation_im,O*NET content model table,float64,Candidate model/recommendation feature
transferable_skill_installation_lv,O*NET content model table,float64,Candidate model/recommendation feature
transferable_skill_instructing_im,O*NET content model table,float64,Candidate model/recommendation feature
transferable_skill_instructing_lv,O*NET content model table,float64,Candidate model/recommendation feature
transferable_skill_judgment_and_decision_making_im,O*NET content model table,float64,Candidate model/recommendation feature
transferable_skill_judgment_and_decision_making_lv,O*NET content model table,float64,Candidate model/recommendation feature
transferable_skill_management_of_financial_resources_im,O*NET content model table,float64,Candidate model/recommendation feature
transferable_skill_management_of_financial_resources_lv,O*NET content model table,float64,Candidate model/recommendation feature
transferable_skill_management_of_material_resources_im,O*NET content model table,float64,Candidate model/recommendation feature
transferable_skill_management_of_material_resources_lv,O*NET content model table,float64,Candidate model/recommendation feature
transferable_skill_management_of_personnel_resources_im,O*NET content model table,float64,Candidate model/recommendation feature
transferable_skill_management_of_personnel_resources_lv,O*NET content model table,float64,Candidate model/recommendation feature
transferable_skill_negotiation_im,O*NET content model table,float64,Candidate model/recommendation feature
transferable_skill_negotiation_lv,O*NET content model table,float64,Candidate model/recommendation feature
transferable_skill_operation_and_control_im,O*NET content model table,float64,Candidate model/recommendation feature
transferable_skill_operation_and_control_lv,O*NET content model table,float64,Candidate model/recommendation feature
transferable_skill_operations_analysis_im,O*NET content model table,float64,Candidate model/recommendation feature
transferable_skill_operations_analysis_lv,O*NET content model table,float64,Candidate model/recommendation feature
transferable_skill_operations_monitoring_im,O*NET content model table,float64,Candidate model/recommendation feature
transferable_skill_operations_monitoring_lv,O*NET content model table,float64,Candidate model/recommendation feature
transferable_skill_persuasion_im,O*NET content model table,float64,Candidate model/recommendation feature
transferable_skill_persuasion_lv,O*NET content model table,float64,Candidate model/recommendation feature
transferable_skill_programming_im,O*NET content model table,float64,Candidate model/recommendation feature
transferable_skill_programming_lv,O*NET content model table,float64,Candidate model/recommendation feature
transferable_skill_quality_control_analysis_im,O*NET content model table,float64,Candidate model/recommendation feature
transferable_skill_quality_control_analysis_lv,O*NET content model table,float64,Candidate model/recommendation feature
transferable_skill_repairing_im,O*NET content model table,float64,Candidate model/recommendation feature
transferable_skill_repairing_lv,O*NET content model table,float64,Candidate model/recommendation feature
transferable_skill_service_orientation_im,O*NET content model table,float64,Candidate model/recommendation feature
transferable_skill_service_orientation_lv,O*NET content model table,float64,Candidate model/recommendation feature
transferable_skill_social_perceptiveness_im,O*NET content model table,float64,Candidate model/recommendation feature
transferable_skill_social_perceptiveness_lv,O*NET content model table,float64,Candidate model/recommendation feature
transferable_skill_systems_analysis_im,O*NET content model table,float64,Candidate model/recommendation feature
transferable_skill_systems_analysis_lv,O*NET content model table,float64,Candidate model/recommendation feature
transferable_skill_systems_evaluation_im,O*NET content model table,float64,Candidate model/recommendation feature
transferable_skill_systems_evaluation_lv,O*NET content model table,float64,Candidate model/recommendation feature
transferable_skill_technology_design_im,O*NET content model table,float64,Candidate model/recommendation feature
transferable_skill_technology_design_lv,O*NET content model table,float64,Candidate model/recommendation feature
transferable_skill_time_management_im,O*NET content model table,float64,Candidate model/recommendation feature
transferable_skill_time_management_lv,O*NET content model table,float64,Candidate model/recommendation feature
transferable_skill_troubleshooting_im,O*NET content model table,float64,Candidate model/recommendation feature
transferable_skill_troubleshooting_lv,O*NET content model table,float64,Candidate model/recommendation feature
knowledge_administration_and_management_im,O*NET content model table,float64,Candidate model/recommendation feature
knowledge_administration_and_management_lv,O*NET content model table,float64,Candidate model/recommendation feature
knowledge_administrative_im,O*NET content model table,float64,Candidate model/recommendation feature
knowledge_administrative_lv,O*NET content model table,float64,Candidate model/recommendation feature
knowledge_biology_im,O*NET content model table,float64,Candidate model/recommendation feature
knowledge_biology_lv,O*NET content model table,float64,Candidate model/recommendation feature
knowledge_building_and_construction_im,O*NET content model table,float64,Candidate model/recommendation feature
knowledge_building_and_construction_lv,O*NET content model table,float64,Candidate model/recommendation feature
knowledge_chemistry_im,O*NET content model table,float64,Candidate model/recommendation feature
knowledge_chemistry_lv,O*NET content model table,float64,Candidate model/recommendation feature
knowledge_communications_and_media_im,O*NET content model table,float64,Candidate model/recommendation feature
knowledge_communications_and_media_lv,O*NET content model table,float64,Candidate model/recommendation feature
knowledge_computers_and_electronics_im,O*NET content model table,float64,Candidate model/recommendation feature
knowledge_computers_and_electronics_lv,O*NET content model table,float64,Candidate model/recommendation feature
knowledge_customer_and_personal_service_im,O*NET content model table,float64,Candidate model/recommendation feature
knowledge_customer_and_personal_service_lv,O*NET content model table,float64,Candidate model/recommendation feature
knowledge_design_im,O*NET content model table,float64,Candidate model/recommendation feature
knowledge_design_lv,O*NET content model table,float64,Candidate model/recommendation feature
knowledge_economics_and_accounting_im,O*NET content model table,float64,Candidate model/recommendation feature
knowledge_economics_and_accounting_lv,O*NET content model table,float64,Candidate model/recommendation feature
knowledge_education_and_training_im,O*NET content model table,float64,Candidate model/recommendation feature
knowledge_education_and_training_lv,O*NET content model table,float64,Candidate model/recommendation feature
knowledge_engineering_and_technology_im,O*NET content model table,float64,Candidate model/recommendation feature
knowledge_engineering_and_technology_lv,O*NET content model table,float64,Candidate model/recommendation feature
knowledge_english_language_im,O*NET content model table,float64,Candidate model/recommendation feature
knowledge_english_language_lv,O*NET content model table,float64,Candidate model/recommendation feature
knowledge_fine_arts_im,O*NET content model table,float64,Candidate model/recommendation feature
knowledge_fine_arts_lv,O*NET content model table,float64,Candidate model/recommendation feature
knowledge_food_production_im,O*NET content model table,float64,Candidate model/recommendation feature
knowledge_food_production_lv,O*NET content model table,float64,Candidate model/recommendation feature
knowledge_foreign_language_im,O*NET content model table,float64,Candidate model/recommendation feature
knowledge_foreign_language_lv,O*NET content model table,float64,Candidate model/recommendation feature
knowledge_geography_im,O*NET content model table,float64,Candidate model/recommendation feature
knowledge_geography_lv,O*NET content model table,float64,Candidate model/recommendation feature
knowledge_history_and_archeology_im,O*NET content model table,float64,Candidate model/recommendation feature
knowledge_history_and_archeology_lv,O*NET content model table,float64,Candidate model/recommendation feature
knowledge_law_and_government_im,O*NET content model table,float64,Candidate model/recommendation feature
knowledge_law_and_government_lv,O*NET content model table,float64,Candidate model/recommendation feature
knowledge_mathematics_im,O*NET content model table,float64,Candidate model/recommendation feature
knowledge_mathematics_lv,O*NET content model table,float64,Candidate model/recommendation feature
knowledge_mechanical_im,O*NET content model table,float64,Candidate model/recommendation feature
knowledge_mechanical_lv,O*NET content model table,float64,Candidate model/recommendation feature
knowledge_medicine_and_dentistry_im,O*NET content model table,float64,Candidate model/recommendation feature
knowledge_medicine_and_dentistry_lv,O*NET content model table,float64,Candidate model/recommendation feature
knowledge_personnel_and_human_resources_im,O*NET content model table,float64,Candidate model/recommendation feature
knowledge_personnel_and_human_resources_lv,O*NET content model table,float64,Candidate model/recommendation feature
knowledge_philosophy_and_theology_im,O*NET content model table,float64,Candidate model/recommendation feature
knowledge_philosophy_and_theology_lv,O*NET content model table,float64,Candidate model/recommendation feature
knowledge_physics_im,O*NET content model table,float64,Candidate model/recommendation feature
knowledge_physics_lv,O*NET content model table,float64,Candidate model/recommendation feature
knowledge_production_and_processing_im,O*NET content model table,float64,Candidate model/recommendation feature
knowledge_production_and_processing_lv,O*NET content model table,float64,Candidate model/recommendation feature
knowledge_psychology_im,O*NET content model table,float64,Candidate model/recommendation feature
knowledge_psychology_lv,O*NET content model table,float64,Candidate model/recommendation feature
knowledge_public_safety_and_security_im,O*NET content model table,float64,Candidate model/recommendation feature
knowledge_public_safety_and_security_lv,O*NET content model table,float64,Candidate model/recommendation feature
knowledge_sales_and_marketing_im,O*NET content model table,float64,Candidate model/recommendation feature
knowledge_sales_and_marketing_lv,O*NET content model table,float64,Candidate model/recommendation feature
knowledge_sociology_and_anthropology_im,O*NET content model table,float64,Candidate model/recommendation feature
knowledge_sociology_and_anthropology_lv,O*NET content model table,float64,Candidate model/recommendation feature
knowledge_telecommunications_im,O*NET content model table,float64,Candidate model/recommendation feature
knowledge_telecommunications_lv,O*NET content model table,float64,Candidate model/recommendation feature
knowledge_therapy_and_counseling_im,O*NET content model table,float64,Candidate model/recommendation feature
knowledge_therapy_and_counseling_lv,O*NET content model table,float64,Candidate model/recommendation feature
knowledge_transportation_im,O*NET content model table,float64,Candidate model/recommendation feature
knowledge_transportation_lv,O*NET content model table,float64,Candidate model/recommendation feature
ability_arm_hand_steadiness_im,O*NET content model table,float64,Candidate model/recommendation feature
ability_arm_hand_steadiness_lv,O*NET content model table,float64,Candidate model/recommendation feature
ability_auditory_attention_im,O*NET content model table,float64,Candidate model/recommendation feature
ability_auditory_attention_lv,O*NET content model table,float64,Candidate model/recommendation feature
ability_category_flexibility_im,O*NET content model table,float64,Candidate model/recommendation feature
ability_category_flexibility_lv,O*NET content model table,float64,Candidate model/recommendation feature
ability_control_precision_im,O*NET content model table,float64,Candidate model/recommendation feature
ability_control_precision_lv,O*NET content model table,float64,Candidate model/recommendation feature
ability_deductive_reasoning_im,O*NET content model table,float64,Candidate model/recommendation feature
ability_deductive_reasoning_lv,O*NET content model table,float64,Candidate model/recommendation feature
ability_depth_perception_im,O*NET content model table,float64,Candidate model/recommendation feature
ability_depth_perception_lv,O*NET content model table,float64,Candidate model/recommendation feature
ability_dynamic_flexibility_im,O*NET content model table,float64,Candidate model/recommendation feature
ability_dynamic_flexibility_lv,O*NET content model table,float64,Candidate model/recommendation feature
ability_dynamic_strength_im,O*NET content model table,float64,Candidate model/recommendation feature
ability_dynamic_strength_lv,O*NET content model table,float64,Candidate model/recommendation feature
ability_explosive_strength_im,O*NET content model table,float64,Candidate model/recommendation feature
ability_explosive_strength_lv,O*NET content model table,float64,Candidate model/recommendation feature
ability_extent_flexibility_im,O*NET content model table,float64,Candidate model/recommendation feature
ability_extent_flexibility_lv,O*NET content model table,float64,Candidate model/recommendation feature
ability_far_vision_im,O*NET content model table,float64,Candidate model/recommendation feature
ability_far_vision_lv,O*NET content model table,float64,Candidate model/recommendation feature
ability_finger_dexterity_im,O*NET content model table,float64,Candidate model/recommendation feature
ability_finger_dexterity_lv,O*NET content model table,float64,Candidate model/recommendation feature
ability_flexibility_of_closure_im,O*NET content model table,float64,Candidate model/recommendation feature
ability_flexibility_of_closure_lv,O*NET content model table,float64,Candidate model/recommendation feature
ability_fluency_of_ideas_im,O*NET content model table,float64,Candidate model/recommendation feature
ability_fluency_of_ideas_lv,O*NET content model table,float64,Candidate model/recommendation feature
ability_glare_sensitivity_im,O*NET content model table,float64,Candidate model/recommendation feature
ability_glare_sensitivity_lv,O*NET content model table,float64,Candidate model/recommendation feature
ability_gross_body_coordination_im,O*NET content model table,float64,Candidate model/recommendation feature
ability_gross_body_coordination_lv,O*NET content model table,float64,Candidate model/recommendation feature
ability_gross_body_equilibrium_im,O*NET content model table,float64,Candidate model/recommendation feature
ability_gross_body_equilibrium_lv,O*NET content model table,float64,Candidate model/recommendation feature
ability_hearing_sensitivity_im,O*NET content model table,float64,Candidate model/recommendation feature
ability_hearing_sensitivity_lv,O*NET content model table,float64,Candidate model/recommendation feature
ability_inductive_reasoning_im,O*NET content model table,float64,Candidate model/recommendation feature
ability_inductive_reasoning_lv,O*NET content model table,float64,Candidate model/recommendation feature
ability_information_ordering_im,O*NET content model table,float64,Candidate model/recommendation feature
ability_information_ordering_lv,O*NET content model table,float64,Candidate model/recommendation feature
ability_manual_dexterity_im,O*NET content model table,float64,Candidate model/recommendation feature
ability_manual_dexterity_lv,O*NET content model table,float64,Candidate model/recommendation feature
ability_mathematical_reasoning_im,O*NET content model table,float64,Candidate model/recommendation feature
ability_mathematical_reasoning_lv,O*NET content model table,float64,Candidate model/recommendation feature
ability_memorization_im,O*NET content model table,float64,Candidate model/recommendation feature
ability_memorization_lv,O*NET content model table,float64,Candidate model/recommendation feature
ability_multilimb_coordination_im,O*NET content model table,float64,Candidate model/recommendation feature
ability_multilimb_coordination_lv,O*NET content model table,float64,Candidate model/recommendation feature
ability_near_vision_im,O*NET content model table,float64,Candidate model/recommendation feature
ability_near_vision_lv,O*NET content model table,float64,Candidate model/recommendation feature
ability_night_vision_im,O*NET content model table,float64,Candidate model/recommendation feature
ability_night_vision_lv,O*NET content model table,float64,Candidate model/recommendation feature
ability_number_facility_im,O*NET content model table,float64,Candidate model/recommendation feature
ability_number_facility_lv,O*NET content model table,float64,Candidate model/recommendation feature
ability_oral_comprehension_im,O*NET content model table,float64,Candidate model/recommendation feature
ability_oral_comprehension_lv,O*NET content model table,float64,Candidate model/recommendation feature
ability_oral_expression_im,O*NET content model table,float64,Candidate model/recommendation feature
ability_oral_expression_lv,O*NET content model table,float64,Candidate model/recommendation feature
ability_originality_im,O*NET content model table,float64,Candidate model/recommendation feature
ability_originality_lv,O*NET content model table,float64,Candidate model/recommendation feature
ability_perceptual_speed_im,O*NET content model table,float64,Candidate model/recommendation feature
ability_perceptual_speed_lv,O*NET content model table,float64,Candidate model/recommendation feature
ability_peripheral_vision_im,O*NET content model table,float64,Candidate model/recommendation feature
ability_peripheral_vision_lv,O*NET content model table,float64,Candidate model/recommendation feature
ability_problem_sensitivity_im,O*NET content model table,float64,Candidate model/recommendation feature
ability_problem_sensitivity_lv,O*NET content model table,float64,Candidate model/recommendation feature
ability_rate_control_im,O*NET content model table,float64,Candidate model/recommendation feature
ability_rate_control_lv,O*NET content model table,float64,Candidate model/recommendation feature
ability_reaction_time_im,O*NET content model table,float64,Candidate model/recommendation feature
ability_reaction_time_lv,O*NET content model table,float64,Candidate model/recommendation feature
ability_response_orientation_im,O*NET content model table,float64,Candidate model/recommendation feature
ability_response_orientation_lv,O*NET content model table,float64,Candidate model/recommendation feature
ability_selective_attention_im,O*NET content model table,float64,Candidate model/recommendation feature
ability_selective_attention_lv,O*NET content model table,float64,Candidate model/recommendation feature
ability_sound_localization_im,O*NET content model table,float64,Candidate model/recommendation feature
ability_sound_localization_lv,O*NET content model table,float64,Candidate model/recommendation feature
ability_spatial_orientation_im,O*NET content model table,float64,Candidate model/recommendation feature
ability_spatial_orientation_lv,O*NET content model table,float64,Candidate model/recommendation feature
ability_speech_clarity_im,O*NET content model table,float64,Candidate model/recommendation feature
ability_speech_clarity_lv,O*NET content model table,float64,Candidate model/recommendation feature
ability_speech_recognition_im,O*NET content model table,float64,Candidate model/recommendation feature
ability_speech_recognition_lv,O*NET content model table,float64,Candidate model/recommendation feature
ability_speed_of_closure_im,O*NET content model table,float64,Candidate model/recommendation feature
ability_speed_of_closure_lv,O*NET content model table,float64,Candidate model/recommendation feature
ability_speed_of_limb_movement_im,O*NET content model table,float64,Candidate model/recommendation feature
ability_speed_of_limb_movement_lv,O*NET content model table,float64,Candidate model/recommendation feature
ability_stamina_im,O*NET content model table,float64,Candidate model/recommendation feature
ability_stamina_lv,O*NET content model table,float64,Candidate model/recommendation feature
ability_static_strength_im,O*NET content model table,float64,Candidate model/recommendation feature
ability_static_strength_lv,O*NET content model table,float64,Candidate model/recommendation feature
ability_time_sharing_im,O*NET content model table,float64,Candidate model/recommendation feature
ability_time_sharing_lv,O*NET content model table,float64,Candidate model/recommendation feature
ability_trunk_strength_im,O*NET content model table,float64,Candidate model/recommendation feature
ability_trunk_strength_lv,O*NET content model table,float64,Candidate model/recommendation feature
ability_visual_color_discrimination_im,O*NET content model table,float64,Candidate model/recommendation feature
ability_visual_color_discrimination_lv,O*NET content model table,float64,Candidate model/recommendation feature
ability_visualization_im,O*NET content model table,float64,Candidate model/recommendation feature
ability_visualization_lv,O*NET content model table,float64,Candidate model/recommendation feature
ability_wrist_finger_speed_im,O*NET content model table,float64,Candidate model/recommendation feature
ability_wrist_finger_speed_lv,O*NET content model table,float64,Candidate model/recommendation feature
ability_written_comprehension_im,O*NET content model table,float64,Candidate model/recommendation feature
ability_written_comprehension_lv,O*NET content model table,float64,Candidate model/recommendation feature
ability_written_expression_im,O*NET content model table,float64,Candidate model/recommendation feature
ability_written_expression_lv,O*NET content model table,float64,Candidate model/recommendation feature
work_activity_analyzing_data_or_information_im,O*NET content model table,float64,Candidate model/recommendation feature
work_activity_analyzing_data_or_information_lv,O*NET content model table,float64,Candidate model/recommendation feature
work_activity_assisting_and_caring_for_others_im,O*NET content model table,float64,Candidate model/recommendation feature
work_activity_assisting_and_caring_for_others_lv,O*NET content model table,float64,Candidate model/recommendation feature
work_activity_coaching_and_developing_others_im,O*NET content model table,float64,Candidate model/recommendation feature
work_activity_coaching_and_developing_others_lv,O*NET content model table,float64,Candidate model/recommendation feature
work_activity_communicating_with_people_outside_the_organization_im,O*NET content model table,float64,Candidate model/recommendation feature
work_activity_communicating_with_people_outside_the_organization_lv,O*NET content model table,float64,Candidate model/recommendation feature
work_activity_communicating_with_supervisors_peers_or_subordinates_im,O*NET content model table,float64,Candidate model/recommendation feature
work_activity_communicating_with_supervisors_peers_or_subordinates_lv,O*NET content model table,float64,Candidate model/recommendation feature
work_activity_controlling_machines_and_processes_im,O*NET content model table,float64,Candidate model/recommendation feature
work_activity_controlling_machines_and_processes_lv,O*NET content model table,float64,Candidate model/recommendation feature
work_activity_coordinating_the_work_and_activities_of_others_im,O*NET content model table,float64,Candidate model/recommendation feature
work_activity_coordinating_the_work_and_activities_of_others_lv,O*NET content model table,float64,Candidate model/recommendation feature
work_activity_developing_and_building_teams_im,O*NET content model table,float64,Candidate model/recommendation feature
work_activity_developing_and_building_teams_lv,O*NET content model table,float64,Candidate model/recommendation feature
work_activity_developing_objectives_and_strategies_im,O*NET content model table,float64,Candidate model/recommendation feature
work_activity_developing_objectives_and_strategies_lv,O*NET content model table,float64,Candidate model/recommendation feature
work_activity_documenting_recording_information_im,O*NET content model table,float64,Candidate model/recommendation feature
work_activity_documenting_recording_information_lv,O*NET content model table,float64,Candidate model/recommendation feature
work_activity_drafting_laying_out_and_specifying_technical_devices_parts_and_equipment_im,O*NET content model table,float64,Candidate model/recommendation feature
work_activity_drafting_laying_out_and_specifying_technical_devices_parts_and_equipment_lv,O*NET content model table,float64,Candidate model/recommendation feature
work_activity_establishing_and_maintaining_interpersonal_relationships_im,O*NET content model table,float64,Candidate model/recommendation feature
work_activity_establishing_and_maintaining_interpersonal_relationships_lv,O*NET content model table,float64,Candidate model/recommendation feature
work_activity_estimating_the_quantifiable_characteristics_of_products_events_or_information_im,O*NET content model table,float64,Candidate model/recommendation feature
work_activity_estimating_the_quantifiable_characteristics_of_products_events_or_information_lv,O*NET content model table,float64,Candidate model/recommendation feature
work_activity_evaluating_information_to_determine_compliance_with_standards_im,O*NET content model table,float64,Candidate model/recommendation feature
work_activity_evaluating_information_to_determine_compliance_with_standards_lv,O*NET content model table,float64,Candidate model/recommendation feature
work_activity_getting_information_im,O*NET content model table,float64,Candidate model/recommendation feature
work_activity_getting_information_lv,O*NET content model table,float64,Candidate model/recommendation feature
work_activity_guiding_directing_and_motivating_subordinates_im,O*NET content model table,float64,Candidate model/recommendation feature
work_activity_guiding_directing_and_motivating_subordinates_lv,O*NET content model table,float64,Candidate model/recommendation feature
work_activity_handling_and_moving_objects_im,O*NET content model table,float64,Candidate model/recommendation feature
work_activity_handling_and_moving_objects_lv,O*NET content model table,float64,Candidate model/recommendation feature
work_activity_identifying_objects_actions_and_events_im,O*NET content model table,float64,Candidate model/recommendation feature
work_activity_identifying_objects_actions_and_events_lv,O*NET content model table,float64,Candidate model/recommendation feature
work_activity_inspecting_equipment_structures_or_materials_im,O*NET content model table,float64,Candidate model/recommendation feature
work_activity_inspecting_equipment_structures_or_materials_lv,O*NET content model table,float64,Candidate model/recommendation feature
work_activity_interpreting_the_meaning_of_information_for_others_im,O*NET content model table,float64,Candidate model/recommendation feature
work_activity_interpreting_the_meaning_of_information_for_others_lv,O*NET content model table,float64,Candidate model/recommendation feature
work_activity_judging_the_qualities_of_objects_services_or_people_im,O*NET content model table,float64,Candidate model/recommendation feature
work_activity_judging_the_qualities_of_objects_services_or_people_lv,O*NET content model table,float64,Candidate model/recommendation feature
work_activity_making_decisions_and_solving_problems_im,O*NET content model table,float64,Candidate model/recommendation feature
work_activity_making_decisions_and_solving_problems_lv,O*NET content model table,float64,Candidate model/recommendation feature
work_activity_monitoring_and_controlling_resources_im,O*NET content model table,float64,Candidate model/recommendation feature
work_activity_monitoring_and_controlling_resources_lv,O*NET content model table,float64,Candidate model/recommendation feature
work_activity_monitoring_processes_materials_or_surroundings_im,O*NET content model table,float64,Candidate model/recommendation feature
work_activity_monitoring_processes_materials_or_surroundings_lv,O*NET content model table,float64,Candidate model/recommendation feature
work_activity_operating_vehicles_mechanized_devices_or_equipment_im,O*NET content model table,float64,Candidate model/recommendation feature
work_activity_operating_vehicles_mechanized_devices_or_equipment_lv,O*NET content model table,float64,Candidate model/recommendation feature
work_activity_organizing_planning_and_prioritizing_work_im,O*NET content model table,float64,Candidate model/recommendation feature
work_activity_organizing_planning_and_prioritizing_work_lv,O*NET content model table,float64,Candidate model/recommendation feature
work_activity_performing_administrative_activities_im,O*NET content model table,float64,Candidate model/recommendation feature
work_activity_performing_administrative_activities_lv,O*NET content model table,float64,Candidate model/recommendation feature
work_activity_performing_for_or_working_directly_with_the_public_im,O*NET content model table,float64,Candidate model/recommendation feature
work_activity_performing_for_or_working_directly_with_the_public_lv,O*NET content model table,float64,Candidate model/recommendation feature
work_activity_performing_general_physical_activities_im,O*NET content model table,float64,Candidate model/recommendation feature
work_activity_performing_general_physical_activities_lv,O*NET content model table,float64,Candidate model/recommendation feature
work_activity_processing_information_im,O*NET content model table,float64,Candidate model/recommendation feature
work_activity_processing_information_lv,O*NET content model table,float64,Candidate model/recommendation feature
work_activity_providing_consultation_and_advice_to_others_im,O*NET content model table,float64,Candidate model/recommendation feature
work_activity_providing_consultation_and_advice_to_others_lv,O*NET content model table,float64,Candidate model/recommendation feature
work_activity_repairing_and_maintaining_electronic_equipment_im,O*NET content model table,float64,Candidate model/recommendation feature
work_activity_repairing_and_maintaining_electronic_equipment_lv,O*NET content model table,float64,Candidate model/recommendation feature
work_activity_repairing_and_maintaining_mechanical_equipment_im,O*NET content model table,float64,Candidate model/recommendation feature
work_activity_repairing_and_maintaining_mechanical_equipment_lv,O*NET content model table,float64,Candidate model/recommendation feature
work_activity_resolving_conflicts_and_negotiating_with_others_im,O*NET content model table,float64,Candidate model/recommendation feature
work_activity_resolving_conflicts_and_negotiating_with_others_lv,O*NET content model table,float64,Candidate model/recommendation feature
work_activity_scheduling_work_and_activities_im,O*NET content model table,float64,Candidate model/recommendation feature
work_activity_scheduling_work_and_activities_lv,O*NET content model table,float64,Candidate model/recommendation feature
work_activity_selling_or_influencing_others_im,O*NET content model table,float64,Candidate model/recommendation feature
work_activity_selling_or_influencing_others_lv,O*NET content model table,float64,Candidate model/recommendation feature
work_activity_staffing_organizational_units_im,O*NET content model table,float64,Candidate model/recommendation feature
work_activity_staffing_organizational_units_lv,O*NET content model table,float64,Candidate model/recommendation feature
work_activity_thinking_creatively_im,O*NET content model table,float64,Candidate model/recommendation feature
work_activity_thinking_creatively_lv,O*NET content model table,float64,Candidate model/recommendation feature
work_activity_training_and_teaching_others_im,O*NET content model table,float64,Candidate model/recommendation feature
work_activity_training_and_teaching_others_lv,O*NET content model table,float64,Candidate model/recommendation feature
work_activity_updating_and_using_relevant_knowledge_im,O*NET content model table,float64,Candidate model/recommendation feature
work_activity_updating_and_using_relevant_knowledge_lv,O*NET content model table,float64,Candidate model/recommendation feature
work_activity_working_with_computers_im,O*NET content model table,float64,Candidate model/recommendation feature
work_activity_working_with_computers_lv,O*NET content model table,float64,Candidate model/recommendation feature
interest_artistic,O*NET content model table,float64,Candidate model/recommendation feature
interest_conventional,O*NET content model table,float64,Candidate model/recommendation feature
interest_enterprising,O*NET content model table,float64,Candidate model/recommendation feature
interest_investigative,O*NET content model table,float64,Candidate model/recommendation feature
interest_realistic,O*NET content model table,float64,Candidate model/recommendation feature
interest_social,O*NET content model table,float64,Candidate model/recommendation feature
work_style_achievement_orientation_impact,O*NET content model table,float64,Candidate model/recommendation feature
work_style_adaptability_impact,O*NET content model table,float64,Candidate model/recommendation feature
work_style_attention_to_detail_impact,O*NET content model table,float64,Candidate model/recommendation feature
work_style_cautiousness_impact,O*NET content model table,float64,Candidate model/recommendation feature
work_style_cooperation_impact,O*NET content model table,float64,Candidate model/recommendation feature
work_style_dependability_impact,O*NET content model table,float64,Candidate model/recommendation feature
work_style_empathy_impact,O*NET content model table,float64,Candidate model/recommendation feature
work_style_humility_impact,O*NET content model table,float64,Candidate model/recommendation feature
work_style_initiative_impact,O*NET content model table,float64,Candidate model/recommendation feature
work_style_innovation_impact,O*NET content model table,float64,Candidate model/recommendation feature
work_style_integrity_impact,O*NET content model table,float64,Candidate model/recommendation feature
work_style_intellectual_curiosity_impact,O*NET content model table,float64,Candidate model/recommendation feature
work_style_leadership_orientation_impact,O*NET content model table,float64,Candidate model/recommendation feature
work_style_optimism_impact,O*NET content model table,float64,Candidate model/recommendation feature
work_style_perseverance_impact,O*NET content model table,float64,Candidate model/recommendation feature
work_style_self_confidence_impact,O*NET content model table,float64,Candidate model/recommendation feature
work_style_self_control_impact,O*NET content model table,float64,Candidate model/recommendation feature
work_style_sincerity_impact,O*NET content model table,float64,Candidate model/recommendation feature
work_style_social_orientation_impact,O*NET content model table,float64,Candidate model/recommendation feature
work_style_stress_tolerance_impact,O*NET content model table,float64,Candidate model/recommendation feature
work_style_tolerance_for_ambiguity_impact,O*NET content model table,float64,Candidate model/recommendation feature
job_zone,O*NET education/job zone,float64,Candidate model/recommendation feature
education_expected_category,O*NET education/job zone,float64,Candidate model/recommendation feature
education_response_total,O*NET education/job zone,float64,Candidate model/recommendation feature
education_modal_category,O*NET education/job zone,float64,Candidate model/recommendation feature
education_bachelors_or_higher_pct,O*NET education/job zone,float64,Candidate model/recommendation feature
essential_skill_importance_mean,O*NET content model table,float64,Candidate model/recommendation feature
essential_skill_importance_max,O*NET content model table,float64,Candidate model/recommendation feature
essential_skill_level_mean,O*NET content model table,float64,Candidate model/recommendation feature
essential_skill_level_max,O*NET content model table,float64,Candidate model/recommendation feature
transferable_skill_importance_mean,O*NET content model table,float64,Candidate model/recommendation feature
transferable_skill_importance_max,O*NET content model table,float64,Candidate model/recommendation feature
transferable_skill_level_mean,O*NET content model table,float64,Candidate model/recommendation feature
transferable_skill_level_max,O*NET content model table,float64,Candidate model/recommendation feature
knowledge_importance_mean,O*NET content model table,float64,Candidate model/recommendation feature
knowledge_importance_max,O*NET content model table,float64,Candidate model/recommendation feature
knowledge_level_mean,O*NET content model table,float64,Candidate model/recommendation feature
knowledge_level_max,O*NET content model table,float64,Candidate model/recommendation feature
ability_importance_mean,O*NET content model table,float64,Candidate model/recommendation feature
ability_importance_max,O*NET content model table,float64,Candidate model/recommendation feature
ability_level_mean,O*NET content model table,float64,Candidate model/recommendation feature
ability_level_max,O*NET content model table,float64,Candidate model/recommendation feature
work_activity_importance_mean,O*NET content model table,float64,Candidate model/recommendation feature
work_activity_importance_max,O*NET content model table,float64,Candidate model/recommendation feature
work_activity_level_mean,O*NET content model table,float64,Candidate model/recommendation feature
work_activity_level_max,O*NET content model table,float64,Candidate model/recommendation feature
dominant_interest,Engineered,object,Candidate model/recommendation feature
interest_score_max,O*NET content model table,float64,Candidate model/recommendation feature
interest_score_range,O*NET content model table,float64,Candidate model/recommendation feature
bls_occ_title,BLS May 2025 OEWS,object,Identifier/display only
tot_emp,BLS May 2025 OEWS,float64,Candidate model/recommendation feature
emp_prse,BLS May 2025 OEWS,float64,Candidate model/recommendation feature
h_mean,BLS May 2025 OEWS,float64,Candidate model/recommendation feature
a_mean,BLS May 2025 OEWS,float64,Candidate model/recommendation feature
mean_prse,BLS May 2025 OEWS,float64,Candidate model/recommendation feature
h_pct10,BLS May 2025 OEWS,float64,Candidate model/recommendation feature
h_pct25,BLS May 2025 OEWS,float64,Candidate model/recommendation feature
h_median,BLS May 2025 OEWS,float64,Candidate model/recommendation feature
h_pct75,BLS May 2025 OEWS,float64,Candidate model/recommendation feature
h_pct90,BLS May 2025 OEWS,float64,Candidate model/recommendation feature
a_pct10,BLS May 2025 OEWS,float64,Candidate model/recommendation feature
a_pct25,BLS May 2025 OEWS,float64,Candidate model/recommendation feature
a_median,BLS May 2025 OEWS,float64,Candidate model/recommendation feature
a_pct75,BLS May 2025 OEWS,float64,Candidate model/recommendation feature
a_pct90,BLS May 2025 OEWS,float64,Candidate model/recommendation feature
annual,BLS May 2025 OEWS,object,Candidate model/recommendation feature
hourly,BLS May 2025 OEWS,object,Candidate model/recommendation feature
bls_match,BLS May 2025 OEWS,bool,Candidate model/recommendation feature
employment_log1p,Engineered,float64,Candidate model/recommendation feature
annual_wage_spread_90_10,Engineered,float64,Candidate model/recommendation feature
annual_wage_iqr,Engineered,float64,Candidate model/recommendation feature
median_to_mean_wage_ratio,Engineered,float64,Candidate model/recommendation feature
wage_data_available,Engineered,bool,Candidate model/recommendation feature
median_wage_percentile,Engineered,float64,Candidate model/recommendation feature
employment_percentile,Engineered,float64,Candidate model/recommendation feature
labor_market_opportunity_score,Engineered,float64,Candidate model/recommendation feature
